0201300010220307
0201300010220701
0201300010234706
0201300010238207
0201300010238306
0201300010246900
0201300010249605
0201300010260703
0201300010261004
0201300010268409
0201300010282301
0201300010288007
0201300010290009
0201300010302304
0201300010305208
0201300010339304
0201300010450608
0201300010486201
0201300010520200
0201300010532005
0201300010537801
0201300010643607
0201300010649500
0201300010730605
0201300010737902
0201300010740002
0201300010780207
0201300012024406
0201300012050908
0201300012051102
0201300012088308
0201300012468608
0201300012468705
0201300012468909
0201300012469302
0201300012469405
0201300012471905
0201300012472205
0201300012472401
0201300012472600
0201300012472807
0201300012472904
0201300012473105
0201300012473700
0201300012473809
0201300012474006
0201300012474100
0201300012474203
0201300012474608
0201300012474705
0201300012475102
0201300012475409
0201300012475605
0201300012475906
0201300012476104
0201300012476303
0201300012476406
0201300012476501
0201300012476607
0201300012476800
0201300012476908
0201300012477001
0201300012477209
0201300012477505
0201300012477806
0201300012478109
0201300012478601
0201300012478808
0201300012479701
0201300012479805
0201300012479902
0201300012480207
0201300012480508
0201300012480901
0201300012481400
0201300012482006
0201300012482705
0201300012483708
0201300012483907
0201300012484401
0201300012485106
0201300012485404
0201300012486305
0201300012486601
0201300012486808
0201300012487007
0201300012487101
0201300012487408
0201300012487609
0201300012487706
0201300012487905
0201300012488303
0201300012488406
0201300012488709
0201300012489102
0201300012489409
0201300012489605
0201300012489707
0201300012489803
0201300012489906
0201300012490007
0201300012490204
0201300012490408
0201300012490905
0201300012491104
0201300012491607
0201300012492106
0201300012492603
0201300012493401
0201300012493600
0201300012493807
0201300012494804
0201300012509900
0201300012510203
0201300012510407
0201300012510608
0201300012510801
0201300012511302
0201300012511405
0201300012511500
0201300012511708
0201300012511907
0201300012512105
0201300012512306
0201300012512602
0201300012512809
0201300012513107
0201300012513209
0201300012513400
0201300012513604
0201300012514008
0201300012514906
0201300012515005
0201300012515202
0201300012515406
0201300012515501
0201300012515709
0201300012516007
0201300012516204
0201300012516503
0201300012516609
0201300012517402
0201300012518509
0201300012518902
0201300012519002
0201300012519108
0201300012519401
0201300012520207
0201300012520700
0201300012520901
0201300012521001
0201300012521107
0201300012521209
0201300012521505
0201300012522100
0201300012523009
0201300012523804
0201300012523907
0201300012524002
0201300012524108
0201300012524205
0201300012524807
0201300012524904
0201300012525208
0201300012525805
0201300012526003
0201300012526305
0201300012526507
0201300012526601
0201300012526808
0201300012527204
0201300012527503
0201300012528005
0201300012528303
0201300012528406
0201300012529301
0201300012529409
0201300012529504
0201300012530009
0201300012530201
0201300012530708
0201300012530804
0201300012531300
0201300012532108
0201300012532205
0201300012532309
0201300012532401
0201300012532506
0201300012532600
0201300012533004
0201300012533207
0201300012533403
0201300012533508
0201300012533809
0201300012534006
0201300012534100
0201300012534304
0201300012534407
0201300012534502
0201300012534705
0201300012534801
0201300012535102
0201300012535409
0201300012535504
0201300012535605
0201300012535803
0201300012535906
0201300012536303
0201300012536406
0201300012536607
0201300012536908
0201300012537001
0201300012537107
0201300012537209
0201300012537308
0201300012537400
0201300012538003
0201300012538109
0201300012538206
0201300012538305
0201300012538704
0201300012538900
0201300012539000
0201300012539106
0201300012539307
0201300012539404
0201300012539509
0201300012539603
0201300012540003
0201300012540206
0201300012540402
0201300012540601
0201300012540900
0201300012541208
0201300012541404
0201300012542202
0201300012542303
0201300012542406
0201300012542607
0201300012542709
0201300012543008
0201300012543200
0201300012543409
0201300012543605
0201300012543803
0201300012544001
0201300012544308
0201300012544400
0201300012544505
0201300012544604
0201300012544702
0201300012544806
0201300012545700
0201300012545901
0201300012546002
0201300012546108
0201300012546205
0201300012562707
0201300012563407
0201300012564004
0201300012564508
0201300012565002
0201300012565401
0201300012565703
0201300012566404
0201300012568408
0201300012568503
0201300012569800
0201300012570303
0201300012570709
0201300012571409
0201300012571605
0201300012571906
0201300012572109
0201300012572206
0201300012572507
0201300012572704
0201300012573106
0201300012573307
0201300012573509
0201300012573701
0201300012573805
0201300012573902
0201300012574101
0201300012574204
0201300012574503
0201300012574802
0201300012575103
0201300012575405
0201300012575500
0201300012575606
0201300012590301
0201300012590707
0201300012590803
0201300012591006
0201300012591705
0201300012591801
0201300012591909
0201300012593704
0201300012594005
0201300012594104
0201300012594303
0201300012594607
0201300012595300
0201300012595802
0201300012597106
0201300012597208
0201300012597307
0201300012598108
0201300012598401
0201300012598703
0201300012598904
0201300012599403
0201300012599508
0201300012599700
0201300012599901
0201300012600109
0201300012600305
0201300012600402
0201300012600507
0201300012600704
0201300012601000
0201300012601106
0201300012601307
0201300012601509
0201300012601701
0201300012602005
0201300012602104
0201300012602202
0201300012602607
0201300012602908
0201300012603409
0201300012603605
0201300012604001
0201300012604308
0201300012604400
0201300012604505
0201300012604604
0201300012604702
0201300012604806
0201300012604903
0201300012605105
0201300012605809
0201300012606205
0201300012606309
0201300012607608
0201300012608009
0201300012608103
0201300012608405
0201300012608500
0201300012608708
0201300012608804
0201300012609101
0201300012609905
0201300012610105
0201300012610207
0201300012610306
0201300012610403
0201300012610700
0201300012610901
0201300013195503
0201300013218201
0201300013457706
0201300013458303
0201300013459102
0201300013460305
0201300013460808
0201300013461208
0201300013462005
0201300013462406
0201300013462908
0201300013463200
0201300013464001
0201300013464209
0201300013465508
0201300013466904
0201300013467705
0201300013468405
0201300013468708
0201300013469408
0201300013469905
0201300013470706
0201300013471501
0201300013472307
0201300013474009
0201300013474708
0201300013475100
0201300013476301
0201300013476707
0201300013477901
0201300013478400
0201300013478903
0201300013479808
0201300013480002
0201300013480108
0201300013480205
0201300013480401
0201300013480506
0201300013481602
0201300013481700
0201300013482103
0201300013482606
0201300013482907
0201300013483408
0201300013483609
0201300013483802
0201300013484106
0201300013485402
0201300013485507
0201300013486209
0201300013620804
0201300013620907
0201300013621007
0201300013621408
0201300013622205
0201300013625409
0201300013723600
0201300013828703
0201300013831902
0201300013832005
0201300013832104
0201300013832202
0201300013832303
0201300013832406
0201300013832501
0201300013832607
0201300013987201
0201300013988007
0201300013988101
0201300013988204
0201300013988300
0201300013988408
0201300013988503
0201300013988609
0201300013988706
0201300013989303
0201300014108902
0201300014160106
0201300014160509
0201300014814305
0201300014814507
0201300014814601
0201300014815001
0201300014815107
0201300014816602
0201300014816700
0201300014816809
0201300014816901
0201300014817008
0201300014818006
0201300014818100
0201300014818304
0201300014818407
0201300014818608
0201300014818705
0201300014818909
0201300014819103
0201300014819302
0201300014819500
0201300014819708
0201300014819907
0201300014820101
0201300014984109
0201300015041006
0201300015041407
0201300015041502
0201300015041608
0201300015041705
0201300015041801
0201300015041909
0201300015625302
0201300015769401
0201300015871106
0201300015873803
0201300015877304
0201300015900103
0201300015904705
0201300015906406
0201300016113202
0201300036229704
0201300039729704
0201300082910703
0201300083524608
0201300083531903
0201300085677809
0201300085936901
0201300086420308
0201300086429800
0201300086458202
0201300086465105
0201300086467304
0201300086494204
0201300104312307
0201300104319206
0201300104331504
0201300104481505
0201300104498400
0201300104501501
0201300104509003
0201300104511103
0201300104578700
0201300129460401
0201300129473505
0201300129491905
0201300129536101
0201300129536204
0201300129536408
0201300129724707
0201300129724803
0201300129724906
0201300129736000
0201300129736106
0201300129736208
0201300129736307
0201300129736404
0201300129736509
0201300129736603
0201300129736701
0201300129739908
0201300129740007
0201300129740101
0201300129740204
0201300129742208
0201300129742509
0201300131373607
0201300131395305
0201300131764309
0201300131837305
0201300131837402
0201300131850602
0201300131976108
0201300131976401
0201300132090308
0201300132568606
0201300132630402
0201300132635809
0201300132637100
0201300132714205
0201300132722306
0201300132851905
0201300132852002
0201300132852205
0201300132852506
0201300132852904
0201300133010806
0201300133095902
0201300133097300
0201300133135501
0201300133292005
0201300133292104
0201300133393901
0201300133394006
0201300133396005
0201300133495608
0201300133495909
0201300133496200
0201300133498702
0201300133499507
0201300133499601
0201300134042702
0201300134042806
0201300134043003
0201300134043109
0201300134043206
0201300134043507
0201300134043601
0201300134043704
0201300134043900
0201300134044005
0201300134044104
0201300134044202
0201300134044406
0201300135709304
0201300135709705
0201300135862002
0201300135862600
0201300135863306
0201300135865008
0201300135866908
0201300135867604
0201300135868206
0201300135887600
0201300135887807
0201300135905607
0201300136018900
0201300136019000
0201300136019208
0201300136358505
0201300136359704
0201300136360008
0201300136363003
0201300136443003
0201300136443402
0201300136471206
0201300136471305
0201300136471900
0201300136472102
0201300136473203
0201300136474004
0201300136478609
0201300136479501
0201300136479607
0201300136479709
0201300136489205
0201300136489506
0201300136489807
0201300136538905
0201300136541406
0201300136541709
0201300136541908
0201300136542307
0201300136746809
0201300136833603
0201300136833805
0201300136834007
0201300136837108
0201300136837506
0201300136837807
0201300137151207
0201300137151700
0201300137152606
0201300137153204
0201300137153408
0201300137153503
0201300137153706
0201300137153802
0201300137154106
0201300137154208
0201300137154509
0201300137155109
0201300137155305
0201300137155507
0201300137155601
0201300137176203
0201300137176407
0201300137177205
0201300137177309
0201300137177401
0201300137178403
0201300137178602
0201300137178809
0201300137179505
0201300137179702
0201300137188006
0201300137188100
0201300137188705
0201300137189201
0201300137189302
0201300137189405
0201300137213200
0201300137215105
0201300137215901
0201300137216309
0201300137216600
0201300137217100
0201300137217203
0201300137217304
0201300137217502
0201300137217608
0201300137217801
0201300137218103
0201300137218302
0201300137218500
0201300137218606
0201300137230208
0201300137230307
0201300137230509
0201300137235702
0201300137236306
0201300137236700
0201300137236901
0201300137237102
0201300137237301
0201300137237504
0201300137237707
0201300137238006
0201300137238203
0201300137243505
0201300137245501
0201300137245800
0201300137246101
0201300137246204
0201300137246408
0201300137246503
0201300137246706
0201300137246802
0201300137309600
0201300137309703
0201300137309807
0201300137310202
0201300137310303
0201300137310607
0201300137310709
0201300137310908
0201300137311008
0201300137311102
0201300137311200
0201300137311301
0201300137311504
0201300137311605
0201300137312109
0201300137312206
0201300137321307
0201300137321509
0201300137321701
0201300137322303
0201300137322501
0201300137322709
0201300137323008
0201300137323504
0201300137892502
0201300137895404
0201300137921309
0201300137922007
0201300137922204
0201300137923908
0201300138144005
0201300138144303
0201300138232809
0201300138234605
0201300138426801
0201300138742800
0201300139030103
0201300140042604
0201300140042702
0201300140043003
0201300140043109
0201300140043305
0201300140043808
0201300140043900
0201300140044005
0201300140044104
0201300140044202
0201300140152607
0201300140152709
0201300140152800
0201300140152908
0201300140153008
0201300140153605
0201300140258002
0201300140258108
0201300140258309
0201300140479403
0201300140860905
0201300140863600
0201300141431008
0201300141435606
0201300141435708
0201300141506501
0201300142960706
0201300142961104
0201300142961202
0201300142961406
0201300142961501
0201300142990404
0201300143051307
0201300143062405
0201300143157209
0201300143168700
0201300143536206
0201300143537204
0201300143537905
0201300143848803
0201300144050602
0201300144050700
0201300144051001
0201300144051209
0201300144051308
0201300144051505
0201300144051604
0201300144052006
0201300144052203
0201300144052407
0201300144052608
0201300144589208
0201300144590702
0201300144886403
0201300145039509
0201300145473605
0201300145501205
0201300145504704
0201300145517804
0201300145522107
0201300145546005
0201300145552507
0201300145555804
0201300145555907
0201300145556801
0201300145557807
0201300145561201
0201300145562901
0201300145564707
0201300145577607
0201300145579100
0201300145588107
0201300145590602
0201300145594600
0201300145602807
0201300145603207
0201300145618401
0201300145618506
0201300145618600
0201300145618703
0201300145621003
0201300145621305
0201300145623100
0201300145631201
0201300145631302
0201300145631500
0201300145653708
0201300145658607
0201300145660003
0201300145664107
0201300145669408
0201300145669802
0201300145669905
0201300145670300
0201300145670503
0201300145671104
0201300145698602
0201300145698700
0201300145698809
0201300145698901
0201300145703107
0201300145703209
0201300145703604
0201300145703702
0201300145718809
0201300145729706
0201300145729802
0201300145729905
0201300145730301
0201300145734104
0201300145737805
0201300145748504
0201300145748605
0201300145748707
0201300145748803
0201300145748906
0201300145749006
0201300145749304
0201300145763202
0201300145778109
0201300147487900
0201300147564203
0201300147564608
0201300147650600
0201300147699105
0201300147950406
0201300148032303
0201300148078301
0201300148165306
0201300148186604
0201300148220905
0201300148223108
0201300148228308
0201300148228400
0201300148228505
0201300148228604
0201300148228702
0201300148250009
0201300148250103
0201300148250201
0201300148250302
0201300148317602
0201300148342502
0201300148345805
0201300148346109
0201300148346808
0201300148373001
0201300148410303
0201300148410406
0201300148410501
0201300148422908
0201300148429007
0201300148429101
0201300148499109
0201300148579604
0201300148579702
0201300148658600
0201300148658703
0201300148658807
0201300149142803
0201300149661803
0201300149693803
0201300149899801
0201300149964900
0201300150009808
0201300150033508
0201300150033602
0201300150033700
0201300152023900
0201300154042809
0201300160241102
0201300160241301
0201300163082608
0201300163082909
0201300164944200
0201300164944301
0201300164944409
0201300164944605
0201300164944707
0201300164944803
0201300164944906
0201300164945104
0201300165285805
0201300165285902
0201300165286003
0201300165286109
0201300167324800
0201300168359406
0201300168889900
0201300168890004
0201300168890207
0201300168890403
0201300170140102
0201300175672706
0201300175955107
0201300177054302
0201300179583505
0201300179799108
0201300179866807
0201300198754607
0201300199071002
0201300199250706
0201300199279605
0201300199280405
0201300199297606
0201300199305005
0201300199463200
0201300199491409
0201300199720706
0201300199721005
0201300199722208
0201300199724103
0201300199725100
0201300199725203
0201300199725304
0201300199725502
0201300199725608
0201300199725801
0201300199725909
0201300199726008
0201300199726102
0201300199726200
0201300199726504
0201300200093205
0201300202339902
0201300202966205
0201300202966703
0201300203707705
0201300203922203
0201300204041008
0201300205023308
0201300205068704
0201300205069603
0201300205084706
0201300205782105
0201300205791805
0201300205806602
0201300205835403
0201300205872405
0201300205888400
0201300205889305
0201300205894600
0201300205908401
0201300205913401
0201300205914405
0201300205935103
0201300205979205
0201300206037107
0201300206253707
0201300209566009
0201300209733208
0201300211413807
0201300211427605
0201300211554703
0201300211599903
0201300211600902
0201300211676001
0201300212464504
0201300212533802
0201300212633307
0201300212763405
0201300212786703
0201300212822102
0201300212887908
0201300212902409
0201300212999009
0201300212999500
0201300213000008
0201300213000102
0201300213000301
0201300213000906
0201300213001006
0201300213001100
0201300213001203
0201300213001502
0201300213001608
0201300213001705
0201300213001801
0201300213002001
0201300213002107
0201300213002505
0201300213002702
0201300213003003
0201300213003305
0201300213003402
0201300213003507
0201300213003601
0201300213003704
0201300213003900
0201300213004005
0201300213004104
0201300213004202
0201300213077507
0201300214321503
0201300214421708
0201300214562806
0201300214609401
0201300214612507
0201300214629408
0201300214631502
0201300214631801
0201300214632702
0201300214676800
0201300214679902
0201300214875606
0201300214951802
0201300215205204
0201300215407500
0201300215467700
0201300215471106
0201300215529105
0201300215611705
0201300215657101
0201300215657706
0201300215659803
0201300215669101
0201300215835203
0201300215839601
0201300215845506
0201300216690701
0201300216999805
0201300217010606
0201300217065106
0201300217548107
0201300217714005
0201300218868904
0201300219264409
0201300220089700
0201300220463304
0201300223650600
0201300223727708
0201300223728101
0201300223728300
0201300223728503
0201300223728706
0201300223728802
0201300223729005
0201300223731907
0201300223732105
0201300223732403
0201300223807603
0201300223838004
0201300223838403
0201300224024107
0201300224151709
0201300224163305
0201300224164607
0201300224187806
0201300224190806
0201300224258008
0201300224803004
0201300225228102
0201300225228301
0201300225228803
0201300225572502
0201300225775908
0201300225776706
0201300226035508
0201300226259307
0201300226291000
0201300226622403
0201300226623400
0201300226626300
0201300226656804
0201300226657208
0201300226707302
0201300227150906
0201300227159403
0201300227324302
0201300228336301
0201300228629403
0201300228665005
0201300231229500
0201300231726904
0201300231954302
0201300232196405
0201300232229702
0201300232261502
0201300234141506
0201300234144109
0201300235055909
0201300236598708
0201300236600605
0201300236603206
0201300237367302
0201300237432603
0201300238518606
0201300242429509
0201300242433708
0201300242442900
0201300242472709
0201300242481502
0201300242490106
0201300242493709
0201300242497707
0201300242506004
0201300242509009
0201300242513203
0201300242514403
0201300242517201
0201300242520200
0201300242522505
0201300242524607
0201300242529207
0201300242531106
0201300242536309
0201300242547001
0201300242559107
0201300242563308
0201300242565303
0201300242567305
0201300242610605
0201300243135004
0201300243140405
0201300244040604
0201300244066109
0201300244070803
0201300244086002
0201300244092207
0201300244099401
0201300244106404
0201300245582209
0201300245591807
0201300245758504
0201300245867504
0201300246351700
0201300250382307
0201300251862500
0201300252297007
0201300252371501
0201300253747308
0201300253797802
0201300259627803
0201300263577607
0201300263578301
0201300263579705
0201300263580300
0201300263582000
0201300263582701
0201300263583600
0201300263584405
0201300263585502
0201300263586409
0201300263587306
0201300263588806
0201300263590306
0201300263591001
0201300263592100
0201300263597007
0201300266464000
0201300267325605
0201300268341805
0201300269407900
0201300269484600
0201300269486003
0201300270940200
0201300271017205
0201300271029300
0201300271184705
0201300271216905
0201300271218902
0201300272863902
0201300273373702
0201300274809908
0201300274810703
0201300274813007
0201300275377207
0201300276158902
0201300281539500
0201300283537207
0201300289821205
0201300290290404
0201300290313901
0201300290391708
0201300290450808
0201300295977303
0201300298772707
0201300300802301
0201300305661208
0201300306194908
0201300306215004
0201300306220908
0201300307806804
0201300307807106
0201300310096102
0201300310437608
0201300310537104
0201300310538707
0201300310539608
0201300310540200
0201300310541608
0201300310541801
0201300310542400
0201300310543900
0201300311216201
0201300311236408
0201300311237109
0201300311274708
0201300311842500
0201300311876501
0201300311919409
0201300311960804
0201300312074004
0201300312157705
0201300312161508
0201300312475503
0201300312481509
0201300312483409
0201300312526309
0201300312532702
0201300312772302
0201300312774307
0201300312825409
0201300312826607
0201300313038203
0201300313831901
0201300314189706
0201300314221705
0201300314222903
0201300314299906
0201300314401303
0201300314457800
0201300314465600
0201300314651204
0201300314654407
0201300314723902
0201300314760409
0201300314895305
0201300314917002
0201300315021201
0201300315095601
0201300315096903
0201300315097202
0201300315098605
0201300315116503
0201300315138900
0201300315146401
0201300315148103
0201300315180701
0201300315182706
0201300315202009
0201300315202103
0201300315394009
0201300315493208
0201300316221807
0201300316773207
0201300317352709
0201300317614600
0201300317617408
0201300317617503
0201300318345005
0201300319012001
0201300319012505
0201300319012903
0201300319025807
0201300319027103
0201300319113705
0201300319118204
0201300319203208
0201300319206502
0201300319206801
0201300319244602
0201300319257803
0201300319342507
0201300319354803
0201300319379706
0201300319397301
0201300319404604
0201300319404806
0201300319408606
0201300319409609
0201300319410403
0201300319432906
0201300320353001
0201300320353107
0201300320434403
0201300320806605
0201300321692205
0201300321788103
0201300322775107
0201300322932506
0201300323665301
0201300324063805
0201300324113703
0201300324789900
0201300324790004
0201300324791806
0201300324798406
0201300324798908
0201300324799008
0201300324799409
0201300325186108
0201300325188708
0201300325399001
0201300325677201
0201300325941207
0201300326472906
0201300327094404
0201300327095704
0201300327106102
0201300329840400
0201300330090809
0201300330868600
0201300331013103
0201300332749502
0201300334330106
0201300334391704
0201300334408202
0201300718527804
0201300718576707
0201300719882603
0201300720622904
0201300720663506
0201300720742107
0201300720771507
0201300720772102
0201300721093406
0201300721328609
0201300722692209
0201300723073106
0201300723571700
0201300723584804
0201300723683007
0201300723947900
0201300723957901
0201300724021309
0201300724526202
0201300724671608
0201300724730708
0201300724836302
0201300725062802
0201300725082203
0201300725238704
0201300726149407
0201300727840305
0201300728033204
0201300728056709
0201300728061301
0201300728348500
0201300728491103
0201300728527407
0201300728764803
0201300728839008
0201300728991409
0201300728992206
0201300729473901
0201300729847900
0201300730005006
0201300730458805
0201300731252706
0201300731286002
0201300731338501
0201300732267600
0201300732276000
0201300732630400
0201300732630604
0201300733226006
0201300733251607
0201300735171009
0201300735224200
0201300735229703
0201300735232906
0201300735349905
0201300735839906
0201300736081507
0201300736183604
0201300736202506
0201300736237402
0201300736263008
0201300736860000
0201300736866306
0201300737145506
0201300737146208
0201300737462409
0201300737463304
0201300737586805
0201300737795309
0201300739807106
0201300740045908
0201300740073302
0201300740164003
0201300740537003
0201300740950904
0201300741011003
0201300741912703
0201300742469404
0201300742539500
0201300742849408
0201300742986101
0201300743186501
0201300743227300
0201300743282802
0201300743283709
0201300743286809
0201300743288909
0201300743304903
0201300743305403
0201300743441905
0201300743444801
0201300743501604
0201300744020105
0201300744116900
0201300744131808
0201400000229587
0201400000303083
0201400000303784
0201400000305786
0201400000320080
0201400000331787
0201400000341388
0201400000342086
0201400000342582
0201400000343686
0201400000467280
0201400000510582
0201400000542184
0201400000604388
0201400000749782
0201400000844381
0201400000844685
0201400000909886
0201400001208883
0201400001210681
0201400001318287
0201400001456681
0201400001480680
0201400001843588
0201400001888886
0201400002020386
0201400002054885
0201400002089580
0201400002129783
0201400002131482
0201400002319788
0201400002321687
0201400002443589
0201400002644681
0201400002644888
0201400002652086
0201400002675487
0201400002676489
0201400002796182
0201400002797981
0201400002798684
0201400002798983
0201400002799385
0201400002809782
0201400002835785
0201400002838886
0201400002840289
0201400002877683
0201400002910482
0201400002912383
0201400002913986
0201400002971388
0201400003030384
0201400003396682
0201400003487984
0201400003534189
0201400003545383
0201400003696381
0201400003753489
0201400003753986
0201400003757785
0201400003911887
0201400003913880
0201400003949780
0201400003969480
0201400004055684
0201400004149388
0201400004410781
0201400004446382
0201400004456383
0201400004880480
0201400005065286
0201400005282183
0201400005304189
0201400005443886
0201400005695085
0201400005985580
0201400005990082
0201400006675288
0201400006700885
0201400006704681
0201400006812089
0201400007061082
0201400007073981
0201400007492384
0201400007570480
0201400007639585
0201400007746982
0201400007774184
0201400007779981
0201400007916480
0201400007932688
0201400007951686
0201400008152087
0201400008152380
0201400008429584
0201400009180981
0201400009194788
0201400009347485
0201400010154988
0201400010155488
0201400010158984
0201400011252882
0201400011349585
0201400011802186
0201400012075681
0201400012967689
0201400013040882
0201400013591788
0201400013624384
0201400013752680
0201400016587781
0201400017759681
0201400018370781
0201400018480786
0201400018480882
0201400018633484
0201400018707188
0201400018813980
0201400018870087
0201400018913284
0201400018924582
0201400019013084
0201400019030985
0201400022009181
0201400022033989
0201400023958786
0201400024018689
0201400024517083
0201400024517286
0201400024517482
0201400024659185
0201400024940983
0201400025018788
0201400025210188
0201400025529085
0201400025529687
0201400025529988
0201400025530180
0201400025532981
0201400025533388
0201400025533886
0201400025534381
0201400025534584
0201400025534787
0201400025534986
0201400025539887
0201400026194084
0201400026213289
0201500027771336
0201500028008033
0201500028143839
0201500028384531
0201500028558338
0201500028592331
0201500029181834
0201500029312331
0201500029312439
0201500029312635
0201500029312833
0201500029313036
0201500029313130
0201500029313233
0201500029313334
0201500029313437
0201500029313939
0201500029314034
0201500029417735
0201500029417831
0201500029464739
0201500029760634
0201500030028734
0201500030060438
0201500030284937
0201500030458936
0201500030588639
0201500030858536
0201500031170036
0201500031410435
0201500032231937
0201500032499134
0201500032579234
0201500032602631
0201500032632238
0201500032670038
0201500032714230
0201500032764237
0201500032808238
0201500032808539
0201500032808835
0201500032816036
0201500032816939
0201500033335933
0201500033590536
0201500033929839
0201500033930838
0201500033931136
0201500033931539
0201500033932830
0201500033933439
0201500033933936
0201500033934239
0201500033935538
0201500033936138
0201500033964132
0201500034364334
0201500035320231
0201500035320834
0201500035333039
0201500035337639
0201500036229838
0201500036230536
0201500036503837
0201500036525030
0201500036976332
0201500037048834
0201500037455739
0201500037766730
0201500037772733
0201500038097530
0201500038198430
0201500038231836
0201500038306532
0201500038811934
0201500039125238
0201500039337337
0201500039394636
0201500039992138
0201500040159537
0201500040216736
0201500040354436
0201500040367031
0201500040492334
0201500040686030
0201500040776834
0201500040903939
0201500040904336
0201500040905032
0201500040976837
0201500041240731
0201500041258938
0201500041259534
0201500041279734
0201500041288833
0201500041342138
0201500041426437
0201500041435933
0201500041548632
0201500041568836
0201500041668035
0201500041683737
0201500041758737
0201500041915238
0201500041998635
0201500042035139
0201500042036137
0201500042083634
0201500042103930
0201500042111436
0201500042322638
0201500042380731
0201500042400938
0201500042480537
0201500042497734
0201500042578838
0201500042727731
0201500042776239
0201500042776732
0201500042877638
0201500043097435
0201500043280038
0201500043303539
0201500043629839
0201500043703936
0201500043863337
0201500044029030
0201500044578731
0201500044775030
0201600045499993
0201600045676897
0201600045890094
0201600045931290
0201600046010698
0201600046016097
0201600046040691
0201600046358395
0201600046424190
0201600046535899
0201600046723996
0201600046764990
0201600046909592
0201600047239190
0201600047529391
0201600047786997
0201600047908297
0201600047972694
0201600048264794
0201600048872899
0201600048998591
0201600049091098
0201600049091290
0201600049213094
0201600049319096
0201600049432594
0201600049559597
0201600049890391
0201600049912699
0201600050119690
0201600050160091
0201600050482392
0201600050596995
0201600050616792
0201600050617496
0201600050793594
0201600051169893
0201600051247490
0201600051278996
0201600051574695
0201600051589095
0201600051843198
0201600051999597
0201600052396397
0201600052425698
0201600052722695
0201600052949397
0201600053202792
0201600053478099
0201600053532292
0201600053759799
0201600053912591
0201600053944695
0201600054189994
0201600054490490
0201600054521191
0201600054521995
0201600054577394
0201600054806796
0201600054840994
0201600054934195
0201600055466498
0201600056052196
0201600056307295
0201600056344094
0201600056356899
0201600056397492
0201600056691993
0201700056734869
0201700056895568
0201700056917365
0201700057229861
0201700057299566
0201700057322566
0201700057630665
0201700057645462
0201700057925263
0201700058320165
0201700058459864
0201700058548665
0201700058587264
0201700058700268
0201700058936067
0201700059046667
0201700059074060
0201700059098262
0201700059354269
0201700059452767
0201700059599568
0201700059698966
0201700059766966
0201700059794365
0201700059822169
0201700060135960
0201700060137968
0201700060416062
0201700060837569
0201700061084061
0201700061406661
0201700061411763
0201700061411964
0201700061657968
0201700061712664
0201700062061968
0201700062139661
0201700062254161
0201700062386664
0201700062411069
0201700062444460
0201700062651067
0201700062669762
0201700062671266
0201700062700660
0201700062799466
0201700062807562
0201700063078669
0201700063188264
0201700063208069
0201700063251066
0201700063251263
0201700063453968
0201700063594864
0201700063606460
0201700063785668
0201700063831866
0201700063897767
0201700063898066
0201700064274763
0201700064349969
0201700064353263
0201700064445664
0201700064476767
0201700064707669
0201700064781666
0201700065230660
0201700065521762
0201700065650564
0201700066012664
0201700066077869
0201700066081463
0201700066710862
0201700066797866
0201700067368065
0201700067368860
0201700067370162
0201700068103162
0201700068151160
0201700068315565
0201700068348062
0201700068505368
0201700068870767
0201700069085663
0201700069383865
0201700069385465
0201700069563761
0201700069570565
0201700069576268
0201700069638961
0201700069639565
0201700069721662
0201700069742068
0201700069742162
0201700069750962
0201700069751660
0201700070505361
0201700070505469
0201700070505564
0201700070533664
0201700070533762
0201700070533866
0201700070701569
0201700070830964
0201700071040666
0201800071091826
0201800071337022
0201800071393423
0201800071415520
0201800072115225
0201800072183128
0201800072183421
0201800072183723
0201800072183924
0201800072184029
0201800072584821
0201800072867927
0201800072889322
0201800072960729
0201800072973522
0201800073304229
0201800073395828
0201800073746424
0201800074039424
0201800074083025
0201800074097126
0201800074220825
0201800074287123
0201800074415325
0201800074605727
0201800074825325
0201800074891322
0201800074920521
0201800075183422
0201800075280829
0201800075281021
0201800075281328
0201800075281525
0201800075429226
0201800075429527
0201800075429724
0201800075429920
0201800075430225
0201800075430421
0201800075430620
0201800075476020
0201800075566124
0201800075953825
0201800076512721
0201800076534925
0201800076552521
0201800077093423
0201800077367226
0201800077497322
0201800077706625
0201800077706727
0201800077706823
0201800078196728
0201800078206420
0201800078207820
0201800078216924
0201800078232121
0201800078269829
0201800078271923
0201800078525023
0201800078942324
0201800079175928
0201800079490929
0201800079566024
0201800079587925
0201800079804921
0201800079892822
0201800079892925
0201800080213123
0201800080274621
0201800080280521
0201800080285221
0201800080285322
0201800080285520
0201800080294327
0201800080295023
0201800080295226
0201800080296525
0201800080296826
0201800080296923
0201800080297426
0201800080297820
0201800080298321
0201800080298727
0201800080301820
0201800080302327
0201800080304029
0201800080304520
0201800080304824
0201800080305120
0201800080305821
0201800080306122
0201800080306220
0201800080306524
0201800080389123
0201800080570728
0201800080654824
0201800080745028
0201800080827328
0201800081067424
0201800081085524
0201800081335821
0201800081647525
0201800082605121
0201800083158621
0201800083667224
0201800083904021
0201800084419625
0201800085774026
0201900086035556
0201900086268255
0201900086316658
0201900088147058
0201900089398453
0201900089734858
0201900090021858
0201900090023354
0201900090025451
0201900090025954
0201900090026952
0201900090027352
0201900090027550
0201900090027957
0201900090028254
0201900090108851
0201900090994051
0201900091210851
0201900093198652
0201900094207851
0201900094817759
0201900094867652
0201900095015159
0201900095264853
0201900095764055
0201900095919654
0201900097047652
0201900097054252
0201900097612455
0201900097947659
0201900097948456
0201900098191258
0201900098231957
0201900098233051
0201900098605957
0201900099191155
0201900099191558
0201900099191951
0201900099192957
0201900099193458
0201900099194258
0201900099195256
0201900099955851
0201900100145059
0201900100145153
0201900100147451
0201900100148356
0201900100179955
0201900100314654
0201900100715254
0201900100941057
0201900101316356
0201900103223557
0201900103311658
0201900121090650
0201900121091054
0201900121091453
0201900122808155
0201900122879155
0201900127696154
0201900130282958
0201900130526253
0201900131884258
0201900131902058
0201900132633757
0201900135504252
0201900137775451
0201900140724055
0201900143086050
0201900143087455
0201900144890250
0201900145660557
0202000148084425
0202000148268829
0202000148841824
0202000148854626
0202000149998722
0202000150124823
0202000150702227
0202000178528723
0202000178839226
0202000193607720
0202000207833820
0202000211054221
0202000211753724
0202000214213528
0202000217201425
0202000217709529
0202000219141828
0202000225984220
0202000234648229
0202000239400723
0202000242314828
0202000249000723
0202000257733628
0202000258048927
0202000259172725
0202000259492821
0202000264565929
0202000269686725
0202000271390827
0202000273293727
0202000273295024
0202000273295720
0202000273296329
0202000273298123
0202000274658127
0202000274911821
0202100281144989
0202100285438187
0202100288734987
0202100291456080
0202100291774081
0202100292442484
0202100292508787
0202100293986281
0202100295644289
0202100297323784
0202100298230885
0202100298362786
0202100300034484
0202100301626382
0202100307740781
0202100319321488
0202100322223084
0202100346716383
0202100359838880
0202100362659588
0202100390066886
0202100393001782
0202100393689683
0202100393780488
0202100396720484
0202100397113781
0202100405234383
0202100406496382
0202100408430785
0202100409683483
0202100411229584
0202100450568985
0202100453815789
0202100453819586
0202100453821782
0202100453822582
0202100453823884
0202100453824285
0202100453825080
0202100453828282
0202100453829787
0202100453831087
0202100453831689
0202100453832188
0202100453832285
0202100453832389
0202100453832481
0202100453832586
0202100453833889
0202100454426489
0202100455646781
0202200456955454
0202200457378851
0202200457414155
0202200458153958
0202200458159059
0202200458591553
0202200458620254
0202200465467551
0202200465656552
0202200465656658
0202200467427456
0202200468498459
0202200468741555
0202200468768554
0202200468769056
0202200469147258
0202200469310953
0202200469713953
0202200469947155
0202200470737552
0202247076105952
0202247076490259
0202247076615956
0202247077232759
0202247077663454
0202247078096152
0202247078219954
0202247078329052
0202247079107656
0202247079607453
0202247079810955
0202247079874956
0202247079956755
0202247079963555
0202247079994556
0202247080047758
0202247080131051
0202247080165253
0202247080304855
0202247080365852
0202247080396050
0202247080397251
0202247080433254
0202247080440956
0202247080564552
0202247080573958
0202247080728057
0202247080728254
0202247080732257
0202247081256255
0202247081597151
0202247081635551
0202247081672855
0202247081679355
0202247081850855
0202300000001491
0202300000122594
0202300000173793
0202300000180897
0202300000183995
0202300000258492
0202300000332199
0202300001798997
0202300001804093
0202300001903898
0202300001948393
0202300002086195
0202300002122899
0202300002224395
0202300002296194
0202300002874890
0202300002908192
0202300017274693
0202300017566595
0202300019244992
0202300019569693
0202300021213198
0202300021227192
0202300021313998
0202300021918099
0202300022003893
0202300022004299
0202300022200596
0202300022256893
0202300022431193
0202300022575498
0202300022618192
0202300022806493
0202300023088994
0202300023222490
0202300023467590
0202300023467798
0202300023504393
0202300023778194
0202300023862690
0202300023874990
0202300023875091
0202300024111999
0202300024112197
0202300024208194
0202300024446792
0202300024452098
0202300024453190
0202300024857991
0202300024943293
0202300025079290
0202300025490193
0202300025592898
0202300025692999
0202300025703996
0202300025753794
0202300025952798
0202300026235996
0202300026657999
0202300026661598
0202300026720092
0202300026720793
0202300026792790
0202300026883892
0202300026884090
0202300026963092
0202300027079890
0202300027089596
0202300027124199
0202300027133090
0202300027212999
0202300027229198
0202300027274691
0202300027286497
0202300027301496
0202300027343499
0202300027352798
0202300027528894
0202300027557495
0202300027692290
0202300027771692
0202300027774298
0202300027783399
0202300027788299
0202300027797191
0202300027848297
0202300027871196
0202300027930394
0202300027933197
0202300027988290
0202300027993693
0202300028031392
0202300028059290
0202300028069191
0202300028102191
0202300028196898
0202300028254296
0202300028290999
0202300028303891
0202300028388092
0202300028432192
0202300028486293
0202300028557991
0202300028585594
0202300028600096
0202300028638399
0202300028723890
0202300028743291
0202300028828496
0202300028888190
0202300028939394
0202300028979496
0202300028979998
0202300029001190
0202300029159397
0202300029167092
0202300029190898
0202300029196198
0202300029265094
0202300029432796
0202300029659099
0202300029659291
0202300029663696
0202300029664092
0202400029766218
0202400029865011
0202400029909418
0202400029954416
0202400030038918
0202400030259219
0202400030315716
0202400030330512
0202400030345410
0202400030376018
0202400030406717
0202400030413318
0202400030460011
0202400030741415
0202400030880918
0202400031059116
0202400031154117
0202400031275712
0202400031282818
0202400031398817
0202400031629913
0202400031658614
0202400031665716
0202400031704315
0202400031705011
0202400031766915
0202400031820211
0202400031820917
0202400031834817
0202400031852014
0202400031909519
0202400031977217
0202400032035616
0202400032036213
0202400032040819
0202400032073712
0202400032082717
0202400032108810
0202400032112619
0202400032163613
0202400032177718
0202400032185114
0202400032216616
0202400032219217
0202400032230314
0202400032230715
0202400032283418
0202400032339017
0202400032442115
0202400032459910
0202400032468610
0202400032510012
0202400032545917
0202400032546512
0202400032549318
0202400032565417
0202400032567518
0202400032567710
0202400032588215
0202400032616617
0202400032647814
0202400032648812
0202400032717216
0202400032718414
0202400032727418
0202400032727915
0202400032729112
0202400032741519
0202400032766912
0202400032797613
0202400032857113
0202400032882110
0202400032885317
0202400032908019
0202400032911219
0202400032926716
0202400032930614
0202400032950916
0202400032951110
0202400032951213
0202400032963316
0202400033008217
0202400033009913
0202400033049416
0202400033059019
0202400033059415
0202400033062715
0202400033079316
0202400033082617
0202400033082918
0202400033138015
0202400033148710
0202400033149117
0202400033201312
0202400033201415
0202400033222719
0202400033350214
0202400033382817
0202400033383911
0202400033387614
0202400033405912
0202400033444511
0202400033445111
0202400033445418
0202400033446113
0202400033488010
0202400033499017
0202400033501613
0202400033568412
0202400033611211
0202400033611718
0202400033614717
0202400033615810
0202400033625815
0202400033629717
0202400033630211
0202400033644712
0202400033645217
0202400033658916
0202400033685011
0202400033701513
0202400033702215
0202400033736214
0202400033750612
0202400033751816
0202400033753917
0202400033758617
0202400033866410
0202400033866913
0202400033885118
0202400033917415
0202400033929612
0202400033930119
0202400033930315
0202400033931218
0202400033931317
0202400033960213
0202400033992213
0202400033992512
0202400033992811
0202400034034313
0202400034039014
0202400034045013
0202400034046712
0202400034056711
0202400034057211
0202400034075916
0202400034089717
0202400034098913
0202400034146915
0202400034156311
0202400034192615
0202400034213712
0202400034257511
0202400034302810
0202400034305217
0202400034351919
0202400034360718
0202400034376612
0202400034418111
0202400034450114
0202400034450918
0202400034465416
0202400034578812
0202400034607711
0202400034665119
0202400034672413
0202400034674210
0202400034780714
0202400034874616
0202400034882019
0202400034905713
0202400034905817
0202400034906218
0202400034914317
0202400034988817
0202400034989710
0202400035053917
0202400035056412
0202400035070812
0202400035071511
0202400035072711
0202400035116519
0202400035128012
0202400035146212
0202400035146313
0202400035161616
0202400035228916
0202400035229213
0202400035278319
0202400035399616
0202400035432419
0202400035436519
0202400035483613
0202400035559611
0202400035561512
0202400035625710
0202400035653512
0202400035656218
0202400035660218
0202400035700419
0202400035712711
0202400035724714
0202400035744914
0202400035763418
0202400035790616
0202400035835813
0202400035895111
0202400035895214
0202400035895310
0202400035895418
0202400035895513
0202400035948817
0202400035965718
0202400035995316
0202400036009718
0202400036047318
0202400036047816
0202400036133913
0202400036158015
0202400036161317
0202400036178410
0202400036200612
0202400036218811
0202400036243412
0202400036251513
0202400036258119
0202400036318913
0202400036384518
0202400036389313
0202400036391111
0202400036391513
0202400036392914
0202400036506311
0202400036609418
0202400036622518
0202500000079263
0202500000093362
0202500000097669
0202500000113063
0202500000119961
0202500000182163
0202500000225861
0202500000259865
0202500000303169
0202500000389262
0202500000392369
0202500000517266
0202500000524062
0202500000529564
0202500000543469
0202500000548864
0202500000550265
0202500000575163
0202500000678969
0202500000796165
0202500000857366
0202500000870463
0202500000897163
0202500000906364
0202500000906861
0202500000911161
0202500000911669
0202500001020364
0202500001034662
0202500001067269
0202500001068063
0202500001080561
0202500001083962
0202500001268265
0202500001282461
0202500001340461
0202500001340867
0202500001340964
0202500001341366
0202500001341662
0202500001377368
0202500001378868
0202500001386365
0202500001387563
0202500001387965
0202500001421169
0202500001423562
0202500001446064
0202500001590364
0202500001592064
0202500001592463
0202500001605461
0202500001605867
0202500001637067
0202500001650467
0202500001655065
0202500001655466
0202500001703362
0202500001730265
0202500001824769
0202500001824968
0202500001846262
0202500001846363
0202500001853166
0202500001903960
0202500001910468
0202500002042363
0202500002045869
0202500002091160
0202500002102860
0202500002155161
0202500002177162
0202500002183464
0202500002185666
0202500002221964
0202500002230968
0202500002231564
0202500002243261
0202500002301460
0202500002392968
0202500002415169
0202500002515867
0202500002531268
0202500002616768
0202500002626962
0202500002627163
0202500002627362
0202500002633460
0202500002671164
0202500002679960
0202500002681165
0202500002724269
0202500002807660
0202500002808662
0202500002946669
0202500002994267
0202500003004861
0202500003022767
0202500003087968
0202500003334369
0202500003348463
0202500003394462
0202500003397966
0202500003399362
0202500003518768
0202500003532862
0202500003608367
0202500003608569
0202500003762069
0202500004068164
0202500004288968
0202500004482165
0202500004527266
0202500004534568
0202500004539363
0202500004539769
0202500004574169
0202500004613460
0202500004630465
0202500004643966
0202500004664463
0202500004696362
0202500004738268
0202500004869562
0202500004993163
0202500004994265
0202500004995166
0202500004995367
0202500004998667
0202500005077169
0202500005219267
0202500005286061
0202500005352063
0202500005600262
0202500005621366
0202500005627561
0202500005660869
0202500005695466
0202500005843264
0202500005991760
0202500005993563
0202500006174665
0202500006298564
0202500006331067
0202500006334160
0202500006500467
0202500006509964
0202500006568765
0202500006675962
0202500006726560
0202500006776565
0202500006789764
0202500006802260
0202500006802469
0202500006821360
0202500006908868
0202500006949163
0202500007048665
0202500007072369
0202500007072964
0202500007091262
0202500007091561
0202500007215065
0202600007326101
0202600007371205
0202600007417201
0202600007427208
0202600007544303
0202600007551300
0202600007555707
0202600007563701
0202600007591208
0202600007592202
0202600007606302
0202600007612208
0202600007636705
0202600007639107
0202600007651509
0202600007651701
0202600007651805
0202600007674803
0202600007709107
0202600007770008
0202600007792403
0202600007814908
0202600007888102
0202600007896909
0202600007922309
0202600007959401
0202600008101707
0202600008159804
0202600008162006
0202600008163103
0202600008243700
0202600008283807
0202600008298104
0202600008335709
0202600008380904
0202600008398207
0202600008406409
0202600008425106
0202600008429008
0202600008471803
0202600008527906
0202600008580702
0202600008583304
0202600008638409
0202600008704106
0202600008706806
0202600008708008
0202600008737409
0202600008765204
0202600008768205
0202600008824707
0202600008846008
0202600008852903
0202600008902105
0202600008977001
0202600009006903
0202600009097405
0202600009097500
0202600009129408
0202600009274107
0202600009274604
1201300135248422
1201300135248527
1201300135248621
1201300135248724
1201300135293425
1201300135293520
1201300135293626
1201300135293728
1201300135293824
1201300135293927
1201300135294022
1201300135294128
1201300135294225
1201300135310926
1201300135311223
1201300135311324
1201300135311427
1201300135311522
1201300135311628
1201300135323026
1201300135323120
1201300135679222
1201300135691721
1201300135692426
1201300135697628
1201300135805423
1201300135823525
1201300135825928
1201300135826027
1201300135826121
1201300135826320
1201300135826726
1201300135826822
1201300135826925
1201300135827023
1201300135827828
1201300135827920
1201300135828020
1201300135828126
1201300135828228
1201300135828327
1201300135828424
1201300135828529
1201300135828623
1201300135828721
1201300135843620
1201300135843723
1201300135843827
1201300135843924
1201300135844029
1201300135844123
1201300135844425
1201300135844520
1201300135858022
1201300135879728
1201300136097828
1201300136098228
1201300136171721
1201300136173028
1201300136176022
1201300136301622
1201300136422529
1201300136422623
1201300136422721
1201300136422825
1201300136422922
1201300136423128
1201300136423225
1201300136423329
1201300136438122
1201300136443422
1201300136449528
1201300136449622
1201300136466120
1201300136466223
1201300136466427
1201300136467128
1201300136489924
1201300136490023
1201300136490129
1201300136490226
1201300136490325
1201300136491327
1201300136513728
1201300136513824
1201300136514924
1201300136515020
1201300136515126
1201300136515529
1201300136515623
1201300136516325
1201300136521322
1201300136521425
1201300136521626
1201300136531129
1201300136531226
1201300136531828
1201300136543128
1201300136543526
1201300136563720
1201300136604322
1201300138348527
1201300138348828
1201300138350323
1201300138713826
1201300138762625
1201300138763427
1201300138788725
1201300138837721
1201300138887726
1201300138929421
1201300138929526
1201300138929827
1201300138930021
1201300138930127
1201300138931920
1201300138932429
1201300138932524
1201300138932625
1201300138935723
1201300138935827
1201300138935924
1201300138936020
1201300138936126
1201300138936228
1201300138936327
1201300138936424
1201300138936529
1201300138936623
1201300138936721
1201300138936825
1201300138936922
1201300138937029
1201300138937123
1201300138937221
1201300138937322
1201300138937425
1201300138937520
1201300138937626
1201300138937728
1201300138938224
1201300138938320
1201300138938428
1201300138938523
1201300138938629
1201300138938726
1201300138938822
1201300138938925
1201300138939025
1201300138939124
1201300138939222
1201300138984224
1201300138984320
1201300140120020
1201300141536224
1201300141536320
1201300142097720
1201300142097829
1201300142097921
1201300142098021
1201300142098127
1201300142098229
1201300142098420
1201300142098624
1201300142099129
1201300142099226
1201300142099325
1201300142099422
1201300142099621
1201300142099724
1201300142100022
1201300142100128
1201300142100225
1201300142100329
1201300142100620
1201300142100723
1201300142104126
1201300142104228
1201300142104327
1201300142104424
1201300142104623
1201300142104721
1201300142104922
1201300142105023
1201300142105129
1201300142105226
1201300142105325
1201300142105422
1201300142105527
1201300142106021
1201300142106127
1201300142106420
1201300142106525
1201300142106624
1201300142106722
1201300142106826
1201300142106923
1201300142111327
1201300142111424
1201300142111529
1201300142111623
1201300142111721
1201300142111825
1201300142111922
1201300142112025
1201300142112124
1201300142112222
1201300142112323
1201300142112426
1201300142112521
1201300142112627
1201300142112729
1201300142112820
1201300142112928
1201300142113028
1201300142113122
1201300142113220
1201300142113321
1201300142113429
1201300142113524
1201300142113625
1201300142114127
1201300142114328
1201300142114420
1201300142114525
1201300142114624
1201300142114722
1201300142114826
1201300142114923
1201300142121220
1201300142121321
1201300142121524
1201300142121625
1201300142121727
1201300142121823
1201300142121926
1201300142122023
1201300142122129
1201300142122226
1201300142122325
1201300142122422
1201300142122621
1201300142122724
1201300142122828
1201300142122920
1201300142123020
1201300142123126
1201300142123424
1201300142123529
1201300142123623
1201300142123721
1201300142123825
1201300142123922
1201300142124027
1201300142124121
1201300142124224
1201300142124822
1201300142124925
1201300142136125
1201300142136227
1201300142136326
1201300142136423
1201300142136528
1201300142136720
1201300142137220
1201300142137321
1201300142138026
1201300142138120
1201300142138223
1201300142138324
1201300142138427
1201300142138522
1201300142138725
1201300142138821
1201300142138929
1201300142139029
1201300142139322
1201300142139425
1201300142175424
1201300142175529
1201300142175721
1201300142175825
1201300142176724
1201300142176828
1201300142176920
1201300142177027
1201300142177224
1201300142177320
1201300142177629
1201300142177726
1201300142178124
1201300142178222
1201300142178323
1201300142178426
1201300142183125
1201300142183227
1201300142183423
1201300142183528
1201300142183921
1201300142184026
1201300142184223
1201300142184324
1201300142184628
1201300142184725
1201300142184821
1201300142184929
1201300142185122
1201300142185220
1201300142185321
1201300142185429
1201300142185524
1201300142185823
1201300142185926
1201300142235625
1201300142235727
1201300142236124
1201300142236426
1201300142236521
1201300142236627
1201300142236729
1201300142236820
1201300142236928
1201300142237021
1201300142237127
1201300142237229
1201300142237525
1201300142237624
1201300142238920
1201300142239020
1201300142244722
1201300142244826
1201300142245125
1201300142245326
1201300142245829
1201300142245921
1201300142246421
1201300142246526
1201300142247223
1201300142247324
1201300142247628
1201300142247725
1201300142248123
1201300142248520
1201300142259223
1201300142259427
1201300142259821
1201300142259929
1201300142260229
1201300142260328
1201300142260722
1201300142260923
1201300142261325
1201300142261422
1201300142261724
1201300142261920
1201300142262625
1201300142262823
1201300142263725
1201300142263821
1201300142264423
1201300142265128
1201300142265225
1201300142266126
1201300142266228
1201300142266623
1201300142266721
1201300142267123
1201300142267728
1201300142267927
1201300142268121
1201300142268224
1201300142268925
1201300142269124
1201300142286528
1201300142286622
1201300142287220
1201300142287321
1201300142289221
1201300142289322
1201300142337520
1201300142337626
1201300142337728
1201300142337824
1201300142337927
1201300142338027
1201300142338121
1201300142338224
1201300142338320
1201300142338428
1201300142338523
1201300142338629
1201300142338925
1201300142339025
1201300142339124
1201300142339222
1201300142339323
1201300142339426
1201300142339521
1201300142339627
1201300142339729
1201300142339820
1201300142339928
1201300142340027
1201300142342228
1201300142342327
1201300142342424
1201300142342529
1201300142342623
1201300142342721
1201300142342825
1201300142342922
1201300142343022
1201300142343128
1201300142343225
1201300142343329
1201300142344029
1201300142344123
1201300142344221
1201300142344322
1201300142344425
1201300142344520
1201300142344626
1201300142344728
1201300142344824
1201300142344927
1201300142345026
1201300142345120
1201300142346823
1201300142346926
1201300142347024
1201300142347125
1201300142347227
1201300142347326
1201300142347423
1201300142347528
1201300142347622
1201300142347720
1201300142347829
1201300142347921
1201300142356029
1201300142356123
1201300142356221
1201300142356322
1201300142356425
1201300142356520
1201300142356626
1201300142356728
1201300142356824
1201300142356927
1201300142357020
1201300142357126
1201300142357228
1201300142357327
1201300142357424
1201300142357529
1201300142357623
1201300142357721
1201300142357825
1201300142357922
1201300142358022
1201300142358128
1201300142358225
1201300142358329
1201300142359125
1201300142359227
1201300142359326
1201300142359423
1201300142359528
1201300142359622
1201300142359720
1201300142359829
1201300142359921
1201300142360029
1201300142360123
1201300142360221
1201300142361027
1201300142361121
1201300142361224
1201300142361320
1201300142361428
1201300142361523
1201300142361629
1201300142361726
1201300142361822
1201300142361925
1201300142362022
1201300142362128
1201300142362225
1201300142362329
1201300142362421
1201300142362526
1201300142363528
1201300142363622
1201300142363720
1201300142363829
1201300142363921
1201300142364026
1201300142364120
1201300142364223
1201300142364324
1201300142364427
1201300142364522
1201300142364628
1201300142364725
1201300142364821
1201300142364929
1201300142365028
1201300142372224
1201300142372320
1201300142372428
1201300142372523
1201300142372629
1201300142372726
1201300142372822
1201300142372925
1201300142373025
1201300142373124
1201300142373222
1201300142373323
1201300142373426
1201300142373521
1201300142373627
1201300142373729
1201300142384121
1201300142384224
1201300142385322
1201300142385626
1201300142385728
1201300142386120
1201300142386324
1201300142386427
1201300142386522
1201300142386628
1201300142386725
1201300142387128
1201300142387225
1201300142387723
1201300142387827
1201300142387924
1201300142388024
1201300142388125
1201300142388227
1201300142388622
1201300142388720
1201300142388829
1201300142388921
1201300142389021
1201300142389127
1201300142389624
1201300142389722
1201300142390723
1201300142390827
1201300142391227
1201300142391326
1201300142391720
1201300142392029
1201300142392221
1201300142392425
1201300142394126
1201300142394228
1201300142394327
1201300142394424
1201300142394529
1201300142394623
1201300142394721
1201300142394825
1201300142394922
1201300142395023
1201300142395129
1201300142395226
1201300142395325
1201300142395422
1201300142395527
1201300142395621
1201300142398028
1201300142398220
1201300142452023
1201300142452129
1201300142452422
1201300142452527
1201300142452621
1201300142819125
1201300142819326
1201300142819423
1201300142820127
1201300142820229
1201300142820525
1201300142820722
1201300142820826
1201300142820923
1201300142821023
1201300142821129
1201300142821422
1201300142821527
1201300142821621
1201300142821724
1201300142822122
1201300142822220
1201300142822321
1201300142822429
1201300142822524
1201300142822625
1201300142822727
1201300142822823
1201300142822926
1201300142823026
1201300142823120
1201300142823223
1201300142823324
1201300142823427
1201300142823522
1201300142823628
1201300142823725
1201300142823821
1201300142824423
1201300142824528
1201300142824622
1201300142825421
1201300142825526
1201300142825620
1201300142825723
1201300142825827
1201300142825924
1201300142826825
1201300142835222
1201300142835627
1201300142836121
1201300142836320
1201300142836428
1201300142836523
1201300142837226
1201300142838424
1201300142838529
1201300142838623
1201300142838721
1201300142838825
1201300142838922
1201300142839128
1201300142839225
1201300142839421
1201300142839526
1201300142839620
1201300142839723
1201300142839827
1201300142839924
1201300142840228
1201300142840327
1201300142840424
1201300142840529
1201300142840623
1201300142840721
1201300142840825
1201300142840922
1201300142841022
1201300142841128
1201300142841526
1201300142841620
1201300142841723
1201300142841827
1201300142843521
1201300142843627
1201300142843729
1201300142843820
1201300142844023
1201300142844129
1201300142844325
1201300142844422
1201300142845021
1201300142845127
1201300142845328
1201300142845420
1201300142845525
1201300142845624
1201300142845722
1201300142845826
1201300142845923
1201300142846024
1201300142846125
1201300142846227
1201300142846326
1201300142846423
1201300142846528
1201300142848628
1201300142848725
1201300142848821
1201300142848929
1201300142849029
1201300142849123
1201300142849221
1201300142849322
1201300142849425
1201300142849520
1201300142849626
1201300142849927
1201300142850024
1201300142850125
1201300142850227
1201300142850528
1201300142850622
1201300142850720
1201300142852026
1201300142854329
1201300142854421
1201300142854526
1201300142855424
1201300142855529
1201300142855623
1201300142855721
1201300142855825
1201300142855922
1201300142856023
1201300142856129
1201300142856422
1201300142856527
1201300142856621
1201300142856724
1201300142857027
1201300142857121
1201300142857320
1201300142857428
1201300142857822
1201300142857925
1201300142860325
1201300142860724
1201300142860828
1201300142860920
1201300142861424
1201300142861529
1201300142861623
1201300142861721
1201300142861825
1201300142861922
1201300142862025
1201300142862124
1201300142862222
1201300142862323
1201300142862426
1201300142862521
1201300142862627
1201300142862729
1201300142863625
1201300142864021
1201300142869629
1201300142869726
1201300142869822
1201300142869925
1201300142870027
1201300142870121
1201300142870224
1201300142870320
1201300142870428
1201300142870523
1201300142870629
1201300142870726
1201300142870822
1201300142870925
1201300142872228
1201300142872327
1201300142872424
1201300142872529
1201300142872623
1201300142872721
1201300142872825
1201300142872922
1201300142873022
1201300142873128
1201300142873225
1201300142873329
1201300142873526
1201300142873620
1201300142873723
1201300142873827
1201300142873924
1201300142874029
1201300142874123
1201300142874221
1201300142874322
1201300142874425
1201300142874520
1201300142874626
1201300142874728
1201300142874824
1201300142874927
1201300142875026
1201300142875120
1201300142986520
1201300142988128
1201300143002923
1201300143183624
1201300143183722
1201300143183826
1201300143183923
1201300143184028
1201300143185323
1201300143185426
1201300143185521
1201300143185627
1201300143185729
1201300143186428
1201300143186523
1201300143186629
1201300143186726
1201300143186822
1201300143187129
1201300143187226
1201300143187422
1201300143188228
1201300143188327
1201300143455929
1201300143456028
1201300143456122
1201300143456220
1201300143456321
1201300143456429
1201300143456524
1201300143456625
1201300143456727
1201300143456823
1201300143456926
1201300143457024
1201300143457125
1201300143457227
1201300143457326
1201300143457423
1201300143457528
1201300143457622
1201300143457720
1201300143457829
1201300143457921
1201300143458021
1201300143458127
1201300143458229
1201300143458328
1201300143458420
1201300143458525
1201300143458624
1201300143458722
1201300143458826
1201300143458923
1201300143459023
1201300143459129
1201300143461821
1201300143461929
1201300143462021
1201300143462127
1201300143462229
1201300143462328
1201300143462420
1201300143462525
1201300143462624
1201300143462722
1201300143462826
1201300143462923
1201300143463226
1201300143463325
1201300143463422
1201300143463527
1201300143463621
1201300143463724
1201300143463828
1201300143463920
1201300143464025
1201300143464124
1201300143464222
1201300143464323
1201300143464426
1201300143464521
1201300143465428
1201300143502028
1201300143502429
1201300143502625
1201300143502926
1201300143503026
1201300143503120
1201300143503223
1201300143503324
1201300143503628
1201300143505526
1201300143505620
1201300143507520
1201300143507626
1201300143507728
1201300143507824
1201300143507927
1201300143508027
1201300143598725
1201300143598821
1201300143598929
1201300143599029
1201300143599123
1201300143599221
1201300143599322
1201300143599520
1201300143697422
1201300143697527
1201300143697621
1201300143697724
1201300143697828
1201300143697920
1201300143698020
1201300143698126
1201300143698228
1201300143698327
1201300143698424
1201300143698529
1201300143698623
1201300143698721
1201300143698825
1201300143698922
1201300143699022
1201300143699128
1201300143699225
1201300143699329
1201300143699421
1201300143699526
1201300143701928
1201300143702020
1201300143702126
1201300143702228
1201300143702327
1201300143702424
1201300143702529
1201300143702623
1201300143702721
1201300143702825
1201300143702922
1201300143704927
1201300143705026
1201300143705120
1201300143705223
1201300143705324
1201300143723626
1201300143723728
1201300143723824
1201300143723927
1201300143724225
1201300143724329
1201300143746924
1201300143747120
1201300143752927
1201300143859820
1201300143859928
1201300143860020
1201300143860327
1201300143860424
1201300143860529
1201300143860623
1201300143860721
1201300143860922
1201300143861128
1201300143861225
1201300143861329
1201300143861421
1201300143861723
1201300143861924
1201300143862027
1201300143862224
1201300143862320
1201300143862428
1201300143862523
1201300143862629
1201300143862726
1201300143862822
1201300144080225
1201300144080329
1201300144080723
1201300144081024
1201300144081125
1201300144081423
1201300144081528
1201300144081622
1201300144082728
1201300144082927
1201300144083027
1201300144083121
1201300144083224
1201300144083726
1201300144083925
1201300144084126
1201300144084228
1201300144084327
1201300144084424
1201300144099722
1201300144099826
1201300144099923
1201300144100020
1201300144100126
1201300144100228
1201300144100327
1201300144100424
1201300144100529
1201300144100623
1201300144100721
1201300144100825
1201300144100922
1201300144101022
1201300144101128
1201300144101225
1201300144101329
1201300144101421
1201300144101924
1201300144102428
1201300144102523
1201300144107625
1201300144107823
1201300144107926
1201300144116825
1201300144117123
1201300144117221
1201300144117425
1201300144117520
1201300144117626
1201300144117728
1201300144117824
1201300144117927
1201300144118027
1201300144118121
1201300144118224
1201300144118320
1201300144118428
1201300144118523
1201300144118629
1201300144118726
1201300144118822
1201300144118925
1201300144119025
1201300144119124
1201300144119426
1201300144119521
1201300144119627
1201300144119729
1201300144119820
1201300144119928
1201300144120028
1201300144120122
1201300144120220
1201300144120321
1201300144120429
1201300144120524
1201300144120625
1201300144120727
1201300144120823
1201300144120926
1201300144121026
1201300144121120
1201300144121427
1201300144121522
1201300144121628
1201300144121725
1201300144121821
1201300144121929
1201300144122021
1201300144122127
1201300144122229
1201300144122328
1201300144122420
1201300144122525
1201300144122624
1201300144122722
1201300144138824
1201300144140927
1201300144141027
1201300144141121
1201300144142022
1201300144142128
1201300144142620
1201300144142723
1201300144142827
1201300144142924
1201300144143024
1201300144143326
1201300144143423
1201300144143528
1201300144143622
1201300144143720
1201300144143829
1201300144143921
1201300144144026
1201300144144120
1201300144144427
1201300144156522
1201300144156929
1201300144157723
1201300144157924
1201300144158326
1201300144158423
1201300144158528
1201300144158622
1201300144158720
1201300144200729
1201300144200820
1201300144200928
1201300144201028
1201300144201122
1201300144201220
1201300144201321
1201300144201429
1201300144201524
1201300144201625
1201300144201823
1201300144201926
1201300144202023
1201300144202129
1201300144202226
1201300144202325
1201300144202422
1201300144202527
1201300144202621
1201300144202724
1201300144202828
1201300144203126
1201300144203228
1201300144203327
1201300144203424
1201300144203529
1201300144203623
1201300144203922
1201300144222824
1201300144222927
1201300144223027
1201300144223121
1201300144223224
1201300144223320
1201300144223629
1201300144223726
1201300144223822
1201300144223925
1201300144224126
1201300144224228
1201300144224327
1201300144224424
1201300144224529
1201300144224721
1201300144224825
1201300144225023
1201300145048626
1201300145111021
1201300145160824
1201300145160927
1201300145344426
1201300145344521
1201300146468520
1201300146470224
1201300146693627
1201300146791424
1201300147398224
1201300147594721
1201300148785726
1201300152729721
1201300152729825
1201300152729922
1201300152730024
1201300152730125
1201300152730227
1201300152730326
1201300152730423
1201300152730528
1201300164403223
1201300164403324
1201300164403427
1201300164403522
1201300164403628
1201300164403725
1201300164403821
1201300164403929
1201300164404024
1201300164404125
1201300164404227
1201300164404326
1201300164404423
1201300164404528
1201300164404622
1201300164404720
1201300164404829
1201300164404921
1201300164405022
1201300164405128
1201300164405225
1201300164405329
1201300164405421
1201300164405526
1201300178092826
1201300178093621
1201300178093828
1201300178094222
1201300178095523
1201300178096824
1201300178097228
1201300178099423
1201300178099622
1201300178099921
1201300178100325
1201300178100621
1201300179306526
1201300181452922
1201300181453022
1201300181453128
1201300181453225
1201300181453329
1201300181453421
1201300181453620
1201300181453723
1201300181453827
1201300181453924
1201300181454123
1201300181454322
1201300181454425
1201300181454520
1201300181454626
1201300181454824
1201300181454927
1201300181455026
1201300181455120
1201300181455223
1201300181455324
1201300181455427
1201300181455628
1201300181455725
1201300181455821
1201300181455929
1201300181456122
1201300181456321
1201300181456429
1201300181456524
1201300181456625
1201300181456823
1201300181456926
1201300181457024
1201300181457125
1201300181457227
1201300181457326
1201300181457528
1201300181457622
1201300181457720
1201300181457829
1201300181458021
1201300181458127
1201300181458229
1201300181458328
1201300181458420
1201300181458525
1201300181458722
1201300181458826
1201300181458923
1201300181459023
1201300181459226
1201300181459422
1201300181459527
1201300181459621
1201300181459724
1201300181459920
1201300181460028
1201300181460122
1201300181460220
1201300181460321
1201300181460429
1201300181460625
1201300181460727
1201300181460823
1201300181460926
1201300181461120
1201300181461324
1201300181461427
1201300181461522
1201300181461628
1201300181461821
1201300181461929
1201300181462021
1201300181462127
1201300181462229
1201300181462328
1201300181462525
1201300181462624
1201300181462722
1201300181462826
1201300181463023
1201300181463129
1201300181463226
1201300181463325
1201300181463422
1201300181463527
1201300181463724
1201300181463828
1201300181463920
1201300181464025
1201300181464222
1201300181464426
1201300181464521
1201300181464627
1201300181464729
1201300181464928
1201300181465027
1201300181465121
1201300181465224
1201300181465320
1201300181465428
1201300181465523
1201300181465726
1201300181465822
1201300181465925
1201300181466029
1201300181466221
1201300181466425
1201300181466520
1201300181466626
1201300181466728
1201300181466927
1201300181467020
1201300181467126
1201300181467228
1201300181467327
1201300181467424
1201300181467623
1201300181467721
1201300181467825
1201300181467922
1201300181468128
1201300181468329
1201300181468421
1201300181468526
1201300181468620
1201300181468827
1201300184527823
1201300184527926
1201300184528026
1201300184528120
1201300184528223
1201300184528324
1201300184528427
1201300184528522
1201300184528628
1201300184528725
1201300184528821
1201300184528929
1201300184529029
1201300184529123
1201300184529221
1201300184529322
1201300184529425
1201300184529520
1201300184529626
1201300184529728
1201300184529824
1201300184529927
1201300184530025
1201300184530124
1201300184530222
1201300184530323
1201300184530426
1201300184530521
1201300184530627
1201300184530729
1201300184530820
1201300184530928
1201300184531028
1201300184531122
1201300184531220
1201300184531321
1201300200224128
1201300200224225
1201300202999923
1201300208991127
1201300208991229
1201300210020320
1201300210020428
1201300210020523
1201300210086925
1201300210087129
1201300210092627
1201300210092729
1201300210093122
1201300210093727
1201300210093926
1201300210642024
1201300210675424
1201300210704226
1201300250471624
1201300268957027
1201300270926220
1201300271508025
1201300272936426
1201300273053825
1201300273309326
1201300276345729
1201300276345820
1201300276345928
1201300276346027
1201300276346629
1201300276346726
1201300276346822
1201300276346925
1201300276347023
1201300276347129
1201300276347226
1201300276347325
1201300276348126
1201300276348228
1201300277097124
1201300277097323
1201300277109325
1201300277109724
1201300277109828
1201300278123329
1201300278123421
1201300278143920
1201300278144627
1201300278144928
1201300278145523
1201300278146520
1201300278147623
1201300278148827
1201300278149720
1201300278596921
1201300278597429
1201300278597524
1201300278598120
1201300278670823
1201300278751720
1201300278751829
1201300279292022
1201300279300528
1201300279883122
1201300282525020
1201300284182324
1201300294650227
1201300294703722
1201300294760623
1201300299302922
1201300299303022
1201300299303128
1201300300135425
1201300300135626
1201300300135728
1201300300135824
1201300300135927
1201300300136026
1201300300136120
1201300300136223
1201300300136324
1201300300136427
1201300300136522
1201300300136628
1201300300136725
1201300300136821
1201300300136929
1201300300137022
1201300300137128
1201300300137225
1201300300137329
1201300300137421
1201300300137723
1201300300137827
1201300300137924
1201300300138024
1201300300138125
1201300300138227
1201300300138326
1201300300138423
1201300300138528
1201300300138622
1201300300138720
1201300300138829
1201300300138921
1201300300139021
1201300300139127
1201300300139229
1201300300139328
1201300300139420
1201300300139722
1201300300139826
1201300300139923
1201300300140024
1201300300140125
1201300300140227
1201300300140326
1201300300140423
1201300300140528
1201300300140622
1201300300140720
1201300300140829
1201300300140921
1201300300141021
1201300300141127
1201300300141229
1201300300141328
1201300300141722
1201300300141826
1201300300141923
1201300300142026
1201300300142120
1201300300142223
1201300300142324
1201300300142427
1201300300142522
1201300300142628
1201300300142725
1201300300142821
1201300300142929
1201300300143029
1201300300143123
1201300300143221
1201300300143322
1201300300221322
1201300300221425
1201300300221520
1201300300221626
1201300300221728
1201300300221824
1201300300221927
1201300300222024
1201300300222125
1201300300222227
1201300300222326
1201300300222423
1201300300222528
1201300300222622
1201300300222720
1201300300222829
1201300300222921
1201300300223021
1201300300223127
1201300300223229
1201300300223328
1201300300223420
1201300300223525
1201300300223624
1201300300223722
1201300300223826
1201300300223923
1201300300224028
1201300300224122
1201300300224220
1201300300224321
1201300300224429
1201300300224625
1201300300224727
1201300300224823
1201300300224926
1201300300225025
1201300300225124
1201300300225222
1201300300225323
1201300300225426
1201300300225521
1201300300225627
1201300300225729
1201300300225820
1201300300225928
1201300300226027
1201300300329625
1201300300329727
1201300300329823
1201300300329926
1201300300330029
1201300300330123
1201300300330221
1201300300330322
1201300300330425
1201300300330520
1201300300330626
1201300300330728
1201300300330824
1201300300330927
1201300300331027
1201300300331121
1201300300331224
1201300300331320
1201300300331428
1201300300331523
1201300300331629
1201300300331726
1201300300331822
1201300300331925
1201300300332022
1201300300332128
1201300300332225
1201300300332329
1201300300332421
1201300300332526
1201300300332620
1201300300332723
1201300300332827
1201300300332924
1201300300333024
1201300300333125
1201300300333227
1201300300333326
1201300300333423
1201300300333528
1201300300333622
1201300300333720
1201300300333829
1201300300333921
1201300300334026
1201300300334120
1201300300334223
1201300300334324
1201300300334427
1201300300334522
1201300300334628
1201300300334725
1201300300334821
1201300300334929
1201300300335028
1201300300335122
1201300300335220
1201300300335321
1201300300335429
1201300300335524
1201300586665920
1201300587391223
1201300587391324
1201300587391427
1201300587624027
1201300587624121
1201300592345822
1201300592345925
1201300592346029
1201300592346123
1201300594532823
1201400001549759
1201400002845753
1201400002846050
1201400002847550
1201400002847656
1201400004851855
1201400005069755
1201400005312655
1201400005532851
1201400005532959
1201400005767957
1201400005820557
1201400009274450
1201400009274752
1201400009274856
1201400009274953
1201400009275054
1201400009275155
1201400009275257
1201400009275356
1201400009275453
1201400009275558
1201400009275652
1201400009275750
1201400009275859
1201400009276158
1201400009276255
1201400009276359
1201400009276451
1201400009276556
1201400009276650
1201400009276753
1201400009276857
1201400009276954
1201400009277056
1201400009277150
1201400009277253
1201400009277354
1201400009277457
1201400009277552
1201400009277658
1201400009277755
1201400009277851
1201400009277959
1201400009278059
1201400009278153
1201400009278251
1201400009278352
1201400009278455
1201400009278550
1201400009278656
1201400009278758
1201400009278854
1201400009279151
1201400009279254
1201400009279350
1201400009279458
1201400009279553
1201400009279659
1201400009279756
1201400009279852
1201400009279955
1201400009280058
1201400009280152
1201400009280250
1201400009280351
1201400009280459
1201400009280554
1201400009280655
1201400009280757
1201400009280853
1201400009280956
1201400009281056
1201400009281150
1201400009281253
1201400009281354
1201400009288954
1201400010992459
1201400010992554
1201400012267359
1201400012660455
1201400013447956
1201400013448253
1201400013469852
1201400013539858
1201400013587658
1201400013587755
1201400013589955
1201400013684958
1201400013689155
1201400013689257
1201400013703352
1201400013703455
1201400013704753
1201400013770450
1201400013795558
1201400013801451
1201400013823754
1201400013890453
1201400013917453
1201400014146654
1201400014153150
1201400014171057
1201400014260955
1201400014267859
1201400033477550
1201400033477656
1201400033567856
1201400033567953
1201500042451309
1201500044687109
1201500047711901
1201600056742569
1201600056742663
1201600056742761
1201600056742865
1201600056742962
1201600056743062
1201600056743168
1201600056743265
1201600058309462
1201600058494162
1201600058813264
1201600058928766
1201600059142161
1201600059405065
1201600060398466
1201600060398561
1201600062988769
1201600064302366
1201600065064564
1201600067215266
1201600067888865
1201700071595689
1201700071595786
1201700072660589
1201700072660683
1201700072660781
1201700072660885
1201700077903986
1201700077904081
1201800088346345
1201800089882744
1201800090429640
1201800095582240
1201900101938572
1201900101938678
1201900102377470
1201900109057374
1201900113286070
1201900113286176
1202000116930241
1202000120805345
1202000121082641
1202000121082744
1202000123837742
1202000123837846
1202000124777346
1202000124777443
1202100130479352
1202100130479455
1202100130479550
1202100130479656
1202100130479758
1202100130479957
1202100130480055
1202100130480154
1202100130480252
1202100130480353
1202100130480456
1202100130480551
1202100130480657
1202100130480759
1202100130480850
1202100130480958
1202100130481058
1202100130481152
1202100130481250
1202100130481351
1202100130481459
1202100130481554
1202100130481655
1202100130481757
1202100130481853
1202100130481956
1202100130482053
1202100130482159
1202100130482256
1202100130482452
1202100130482557
1202100130482651
1202100130482754
1202100130482858
1202100130482950
1202100130483050
1202100130483156
1202100130574359
1202100130574451
1202100130574556
1202100130574650
1202100130574753
1202100130574857
1202100130574954
1202100130575050
1202100130575156
1202100130575258
1202100130575357
1202100130575454
1202100130575559
1202100130575653
1202100130575751
1202100130575855
1202100130576053
1202100130576256
1202100130581350
1202100130601455
1202100130601550
1202100130601656
1202100130601758
1202100132561050
1202100135180858
1202100136545056
1202100136545150
1202100140942852
1202100140942955
1202100141152459
1202100142497151
1202100142913350
1202100142913458
1202200157158076
1202215823705072
1202215824146472
1202215824190676
1202215824293171
1202215824293679
1202215824294377
1202215824294875
1202215824295577
1202215824296071
1202215824296279
1202215824450673
1202215824451471
1202215824451974
1202215824452171
1202215824452679
1202215824453373
1202215824460376
1202215824460473
1202215824460578
1202215824460672
1202215824460770
1202215824460879
1202215824460971
1202215824461071
1202215824461177
1202215824461279
1202215824461378
1202215824461470
1202215824461575
1202215824461674
1202215824461772
1202215824461876
1202215824461973
1202215824462076
1202215824462170
1202215824462273
1202215824462374
1202215824462477
1202215824462572
1202215824462678
1202215824462775
1202215824462871
1202215824462979
1202215824463079
1202215824463173
1202215824463271
1202215824463372
1202215824463475
1202215824463570
1202215824463676
1202215824463778
1202215824463874
1202215824463977
1202215824464072
1202215824464178
1202215824464275
1202215824464379
1202215824464471
1202215824464576
1202215824464670
1202215824464773
1202215824464877
1202215824464974
1202215824465070
1202215824465176
1202215824465278
1202215824465377
1202215824465474
1202215824465579
1202215824465673
1202215824465771
1202215824465875
1202215824465972
1202215824466073
1202215824466179
1202215824466276
1202215824466375
1202215824466472
1202215824466577
1202215824466671
1202215824466774
1202215824466878
1202215824466970
1202215824467077
1202215824467171
1202215824467274
1202215824467370
1202215824467478
1202215824467573
1202215824467679
1202215824467776
1202215824467872
1202215824467975
1202215824468075
1202215824468174
1202215824468272
1202215824468373
1202215824468476
1202215824468571
1202215824468677
1202215824468779
1202215824468870
1202215824468978
1202215824469078
1202215824469172
1202215824469270
1202215824469371
1202215824469479
1202215824469574
1202215824469675
1202215824469777
1202215824469873
1202215824469976
1202215824470078
1202215824470172
1202215824470270
1202215824470371
1202215824470479
1202215824470574
1202215824470675
1202215824470777
1202215824470873
1202215824470976
1202215824471076
1202215824471170
1202215824471273
1202215824471374
1202215824471477
1202215824471572
1202215824471678
1202215824471775
1202215824471871
1202215824471979
1202215824472071
1202215824472177
1202215824472279
1202215824472378
1202215824472470
1202215824472575
1202215824472674
1202215824472772
1202215824472876
1202215824472973
1202215824473073
1202215824473179
1202215824473276
1202215824473375
1202215824473472
1202215824473577
1202215824473671
1202215824473774
1202215824473878
1202215824473970
1202215824474075
1202215824474174
1202215824474272
1202215824474373
1202215824474476
1202215824474571
1202215824474677
1202215824474779
1202215824474870
1202215824474978
1202215824475077
1202215824475171
1202215824475274
1202215824475370
1202215824475478
1202215824475573
1202215824475679
1202215824475776
1202215824475872
1202215824475975
1202215824476079
1202215824476173
1202215824476271
1202215824476372
1202215824476475
1202215824476570
1202215824476676
1202215824476778
1202215824476874
1202215824476977
1202215824477070
1202215824477176
1202215824477278
1202215824477377
1202215824477673
1202215824477771
1202215824477875
1202215824477972
1202215824478072
1202215824478178
1202215824478275
1202215824478379
1202215824478471
1202215824478576
1202215824478670
1202215824478773
1202215824478877
1202215824478974
1202215824479074
1202215824479175
1202215824479277
1202215824479376
1202215824479473
1202215824479578
1202215824479672
1202215824479770
1202215824479879
1202215824479971
1202215824480073
1202215824480179
1202215824480276
1202215824480375
1202215824480472
1202215824480577
1202215824480671
1202215824480774
1202215824480878
1202215824480970
1202215824481070
1202215824481176
1202215824481278
1202215824481377
1202215824481474
1202215824481579
1202215824481673
1202215824481771
1202215824481875
1202215824481972
1202215824482075
1202215824482174
1202215824482272
1202215824482373
1202215824482476
1202215824482571
1202215824482677
1202215824482779
1202215824482870
1202215824482978
1202215824483078
1202215824483172
1202215824483270
1202215824483371
1202215824483479
1202215824483574
1202215824483675
1202215824483777
1202215824483873
1202215824483976
1202215824484071
1202215824484177
1202215824484279
1202215824484378
1202215824484470
1202215824484575
1202215824484674
1202215824484772
1202215824484876
1202215824484973
1202215824485074
1202215824485175
1202215824485277
1202215824485376
1202215824485473
1202215824485578
1202215824485672
1202215824485770
1202215824485879
1202215824485971
1202215824486072
1202215824486178
1202215824486275
1202215824486379
1202215824486471
1202215824486576
1202215824486670
1202215824486773
1202215824486877
1202215824486974
1202215824487076
1202215824487170
1202215824487273
1202215824487374
1202215824487477
1202215824487572
1202215824487678
1202215824487775
1202215824487871
1202215824487979
1202215824488079
1202215824488173
1202215824488271
1202215824488372
1202215824488475
1202215824488570
1202215824488676
1202215824488778
1202215824488874
1202215824488977
1202215824489077
1202215824489171
1202215824489274
1202215824489370
1202215824489478
1202215824489573
1202215824489679
1202215824489776
1202215824489872
1202215824489975
1202215824490076
1202215824490170
1202215824490273
1202215824490374
1202215824490477
1202215824490572
1202215824490678
1202215824563677
1202215824563779
1202215824833874
1202215824834576
1202215824835070
1202215824835278
1202215824835771
1202215824836472
1202215824836970
1202215824837171
1202215824837679
1202215824838373
1202215824838870
1202215824839574
1202215824840075
1202215824840272
1202215824840779
1202215824841574
1202215824842073
1202215824842276
1202215824842774
1202215825206376
1202215825206879
1202215825207078
1202215825207574
1202215825208273
1202215825208775
1202215825255475
1202215825691771
1202215825692476
1202215825692978
1202215825698676
1202215825699370
1202215825699872
1202215825700072
1202215825700576
1202215825701376
1202215825701879
1202215825702079
1202215825702570
1202215825703776
1202215825704474
1202215825704972
1202300000096960
1202300000138761
1202300000596967
1202300000597464
1202300000597663
1202300000598168
1202300000613560
1202300000614062
1202300001048866
1202300001048963
1202300001049063
1202300001049266
1202300001049365
1202300001049462
1202300001049567
1202300001049661
1202300001049764
1202300001049960
1202300001050068
1202300001050162
1202300001050260
1202300001050469
1202300001050564
1202300001050767
1202300001050863
1202300001050966
1202300001051066
1202300001051263
1202300001051364
1202300001051467
1202300001051562
1202300001051668
1202300001051765
1202300001051969
1202300001052061
1202300001052167
1202300001052269
1202300001052460
1202300001052664
1202300001052762
1202300001052866
1202300001052963
1202300001053169
1202300001053266
1202300001053365
1202300001053462
1202300001053567
1202300001053661
1202300001053868
1202300001053960
1202300001054065
1202300001054164
1202300001054363
1202300001054466
1202300001054561
1202300001054667
1202300001054769
1202300001054860
1202300001055067
1202300001055161
1202300001055264
1202300001055360
1202300001055563
1202300001055766
1202300001055862
1202300001055965
1202300001056069
1202300001056261
1202300001056362
1202300001056465
1202300001056560
1202300001056666
1202300002548266
1202300002631768
1202300002631864
1202300002631967
1202300002632064
1202300002632267
1202300002632463
1202300002632568
1202300002632662
1202300002632760
1202300002632961
1202300002633061
1202300002633167
1202300002633269
1202300002633368
1202300002633460
1202300002633664
1202300002633762
1202300002633866
1202300002633963
1202300002634162
1202300002634260
1202300002634361
1202300002634469
1202300002634564
1202300002634665
1202300002634863
1202300002634966
1202300002635065
1202300002635164
1202300002635363
1202300002635466
1202300002635667
1202300002635769
1202300002635860
1202300002635968
1202300002636161
1202300002636264
1202300002636360
1202300002636468
1202300002636563
1202300002636669
1202300002636862
1202300002636965
1202300002637063
1202300002637169
1202300002637365
1202300002637567
1202300002637661
1202300002637764
1202300002637868
1202300002638060
1202300002638166
1202300002638268
1202300002638367
1202300002638464
1202300002638569
1202300002638761
1202300002638865
1202300002638962
1202300002639062
1202300002639265
1202300002639461
1202300002639566
1202300002639660
1202300002639763
1202300002639964
1202300002640060
1202300003611162
1202300003611361
1202300003611863
1202300003612567
1202300003613060
1202300003613761
1202300003614264
1202300003614468
1202300003614965
1202300003615768
1202300003616263
1202300003616467
1202300003616969
1202300004547463
1202300004547568
1202300004547662
1202300004547760
1202300004547869
1202300004547961
1202300004548061
1202300004548167
1202300004548269
1202300004548368
1202300004548460
1202300004548565
1202300004548664
1202300004548762
1202300004548866
1202300004548963
1202300004549063
1202300004549169
1202300004549266
1202300004549365
1202300004549462
1202300004549567
1202300004549661
1202300004549764
1202300004549868
1202300004549960
1202300004550068
1202300004550162
1202300004550260
1202300004550361
1202300004550469
1202300004550564
1202300004550665
1202300004550767
1202300004550863
1202300004550966
1202300004551066
1202300004551160
1202300004551263
1202300004551364
1202300004551467
1202300004551562
1202300004551668
1202300004551765
1202300004551861
1202300004551969
1202300004552061
1202300004552167
1202300004552269
1202300004552368
1202300004552460
1202300004552565
1202300004552664
1202300004552762
1202300004552866
1202300004552963
1202300004553063
1202300004553169
1202300004553266
1202300004553365
1202300004553462
1202300004553567
1202300004553661
1202300004553764
1202300004553868
1202300004553960
1202300004554065
1202300004554164
1202300004554262
1202300004554363
1202300004554466
1202300004554561
1202300004554667
1202300005170269
1202300005170368
1202300005170460
1202300005170565
1202300005170664
1202300005170762
1202300005170866
1202300005170963
1202300005171063
1202300005171169
1202300005171266
1202300005171365
1202300005171462
1202300005171567
1202300005171661
1202300005171764
1202300005171868
1202300005171960
1202300005172068
1202300005172162
1202300005172260
1202300005172361
1202300005172469
1202300005172564
1202300005172665
1202300005172767
1202300005172863
1202300005172966
1202300005173066
1202300005173160
1202300005173263
1202300005173364
1202300005173467
1202300005173562
1202300005173668
1202300005173765
1202300005173861
1202300005173969
1202300005174064
1202300005174165
1202300005174267
1202300005174366
1202300005174463
1202300005961067
1202300005961161
1202300005961360
1202300005961563
1202300005961669
1202300006436767
1202300006436863
1202300006436966
1202300006437064
1202300006437165
1202300006437267
1202300006437366
1202300006437463
1202300006437568
1202300006437662
1202300006437760
1202300006437869
1202300006437961
1202300006438061
1202300006438167
1202300006438269
1202300006438368
1202300006438460
1202300006438565
1202300006438664
1202300006438762
1202300006438866
1202300006438963
1202300006439063
1202300006439169
1202300006439266
1202300006439365
1202300006439462
1202300006439567
1202300006439661
1202300006439764
1202300006439868
1202300006439960
1202300006440061
1202300006440167
1202300006440269
1202300006440368
1202300006440460
1202300006440565
1202300006440664
1202300006440762
1202300006440866
1202300006440963
1202300006441063
1202300006441169
1202300006441266
1202300006441365
1202300006441462
1202300006441567
1202300006441661
1202300006441764
1202300006441868
1202300006441960
1202300006442068
1202300006442162
1202300006442260
1202300006442361
1202300006442469
1202300006442564
1202300006442665
1202300006442767
1202300006442863
1202300006442966
1202300006443066
1202300006443160
1202300006443263
1202300006443364
1202300006443467
1202300006443562
1202300006443668
1202300006443765
1202300006443861
1202300006444568
1202300006445062
1202300006445265
1202300006445763
1202300006446464
1202300006446962
1202300006447666
1202300006448161
1202300006448360
1202300006448862
1202300006449561
1202300006450060
1202300006450268
1202300006450761
1202300006451168
1202300006451265
1202300006451369
1202300006451461
1202300006451566
1202300006451660
1202300006451763
1202300006451867
1202300006451964
1202300006452067
1202300006452161
1202300006452264
1202300006452360
1202300006452468
1202300006452563
1202300006452669
1202300006452766
1202300006452862
1202300006452965
1202300006453065
1202300006453164
1202300006453262
1202300006453363
1202300006453466
1202300006453561
1202300006453667
1202300006453769
1202300006453860
1202300006453968
1202300006454063
1202300006454169
1202300006454266
1202300006454365
1202300006454462
1202300006454567
1202300006454661
1202300006454764
1202300006454868
1202300006454960
1202300006455061
1202300006455167
1202300006455269
1202300006455368
1202300006455460
1202300006455565
1202300006455664
1202300006455762
1202300006455866
1202300006455963
1202300006456064
1202300006456165
1202300006456267
1202300006456366
1202300006456463
1202300006456568
1202300006456662
1202300006456760
1202300006456869
1202300006456961
1202300006457068
1202300006457162
1202300006457260
1202300006457361
1202300006457469
1202300006457564
1202300006457665
1202300006457767
1202300006457863
1202300006457966
1202300006458066
1202300006458160
1202300006458263
1202300006458467
1202300006458969
1202300006459666
1202300006460165
1202300006460366
1202300006460869
1202300006461565
1202300006462066
1202300006462263
1202300006462765
1202300006463465
1202300006463967
1202300006464265
1202300006464763
1202300006465464
1202300006466661
1202300006466764
1202300006466868
1202300006466960
1202300006467067
1202300006467161
1202300006467264
1202300006467360
1202300006467468
1202300006467563
1202300006467669
1202300006467766
1202300006467862
1202300006467965
1202300006468065
1202300006468164
1202300006468262
1202300006468363
1202300006468466
1202300006468561
1202300006468667
1202300006468769
1202300006468860
1202300006468968
1202300006469068
1202300006469162
1202300006469260
1202300006469361
1202300006469469
1202300006469564
1202300006469665
1202300006469767
1202300006469863
1202300006469966
1202300006470068
1202300006470162
1202300006470260
1202300006470361
1202300006470469
1202300006470564
1202300006470665
1202300006470767
1202300006470863
1202300006470966
1202300006471066
1202300006471160
1202300006471263
1202300006471364
1202300006471467
1202300006471562
1202300006471668
1202300006471765
1202300006471861
1202300006471969
1202300006472061
1202300006472167
1202300006472269
1202300006472368
1202300006472460
1202300006472565
1202300006472664
1202300006472762
1202300006472866
1202300006472963
1202300006473063
1202300006473169
1202300006473266
1202300006473365
1202300006473462
1202300006473567
1202300006474065
1202300006474667
1202300006475161
1202300006475360
1202300006475862
1202300006476560
1202300006477060
1202300006477268
1202300006477761
1202300006478461
1202300006478964
1202300006479662
1202300006480169
1202300006480365
1202300006480661
1202300006480764
1202300006480868
1202300006480960
1202300006481060
1202300006481166
1202300006481268
1202300006481367
1202300006481464
1202300006481569
1202300006481663
1202300006481761
1202300006481865
1202300006481962
1202300006482065
1202300006482164
1202300006482262
1202300006482363
1202300006482466
1202300006482561
1202300006482667
1202300006482769
1202300006482860
1202300006482968
1202300006483068
1202300006483162
1202300006483260
1202300006483361
1202300006483469
1202300006483564
1202300006483665
1202300006483767
1202300006483863
1202300006483966
1202300006484061
1202300006484167
1202300006484269
1202300006484368
1202300006484460
1202300006484565
1202300006484664
1202300006484762
1202300006484866
1202300006484963
1202300006485064
1202300006485165
1202300006485267
1202300006485366
1202300006485463
1202300006485568
1202300006485662
1202300006485760
1202300006485869
1202300006485961
1202300006486062
1202300006486168
1202300006486265
1202300006486369
1202300006486461
1202300006486566
1202300006486660
1202300006486763
1202300006486867
1202300006486964
1202300006487066
1202300006487160
1202300006487263
1202300006487364
1202300006487467
1202300006487562
1202300006487861
1202300006488560
1202300006489067
1202300006489264
1202300006489766
1202300006490467
1202300006490969
1202300006491666
1202300006492165
1202300006492366
1202300006492869
1202300006493565
1202300006494068
1202300006494361
1202300011561467
1202300011561668
1202300011562167
1202300011562866
1202300011563365
1202300011564065
1202300011564561
1202300011564769
1202300011565264
1202300011565965
1202300011566465
1202300011566666
1202300011567166
1202300011567865
1202300011568369
1202300011569064
1202300011569568
1202300011569662
1202300011570165
1202300011570869
1202300011571368
1202300011572066
1202300011572562
1202300011572765
1202300012404361
1202300012527264
1202300012527360
1202300012527468
1202300012527563
1202300012527669
1202300012527766
1202300012527862
1202300012527965
1202300012528065
1202300012528164
1202300012528262
1202300012528363
1202300012528466
1202300012528561
1202300012528667
1202300012528769
1202300012528860
1202300012528968
1202300012529068
1202300012529162
1202300012529260
1202300012529361
1202300012529469
1202300012529564
1202300012529665
1202300012529767
1202300012529863
1202300012529966
1202300012530069
1202300012530163
1202300012530261
1202300012530362
1202300012530465
1202300012530560
1202300012530666
1202300012530768
1202300012530864
1202300012530967
1202300012531067
1202300012531161
1202300012531264
1202300012531360
1202300012531468
1202300012531563
1202300012531669
1202300012531766
1202300012531862
1202300012531965
1202300012532062
1202300012532168
1202300012532265
1202300012532369
1202300012532461
1202300012532566
1202300012532660
1202300012532763
1202300012532867
1202300012532964
1202300012533064
1202300012533165
1202300012533267
1202300012533366
1202300012533463
1202300012533568
1202300012533662
1202300012533760
1202300012533869
1202300012533961
1202300012534066
1202300012534160
1202300012534263
1202300012534364
1202300012534467
1202300012534562
1202300012534668
1202300012534765
1202300012534861
1202300012534969
1202300012535068
1202300012535162
1202300012535260
1202300012535361
1202300012535469
1202300012535564
1202300012535665
1202300012535767
1202300012535863
1202300012535966
1202300012536065
1202300012536164
1202300012536262
1202300012536363
1202300012536466
1202300012536561
1202300012536667
1202300012536769
1202300012536860
1202300012536968
1202300012537061
1202300012537167
1202300012537269
1202300012537368
1202300012537460
1202300012537565
1202300012537664
1202300012537762
1202300012537866
1202300012537963
1202300012538063
1202300012538169
1202300012538266
1202300012538365
1202300012538462
1202300012538567
1202300012538661
1202300012538764
1202300012538868
1202300012538960
1202300012539060
1202300012539166
1202300012539268
1202300012539367
1202300012539464
1202300012539569
1202300012539663
1202300012539761
1202300012539865
1202300012539962
1202300012540063
1202300012540169
1202300012540266
1202300012540365
1202300012540462
1202300012540567
1202300012540661
1202300012540764
1202300012540868
1202300012540960
1202300012541060
1202300012541166
1202300013344865
1202300013344962
1202300013525462
1202300015000064
1202300015085769
1202300015085860
1202300015085968
1202300015086067
1202300015086161
1202300015086264
1202300015086360
1202300015086468
1202300015086563
1202300015086669
1202300015709465
1202300015710167
1202300015710664
1202300015710866
1202300015711365
1202300015712068
1202300015712564
1202300015712767
1202300015713263
1202300015713969
1202300015714463
1202300015715168
1202300015715660
1202300015715867
1202300015716367
1202300015717069
1202300015717560
1202300015717768
1202300015718264
1202300015719065
1202300015719561
1202300015719769
1202300015720260
1202300015720966
1202300015721467
1202300015722167
1202300015722664
1202300015722866
1202300015723365
1202300015724065
1202300015724561
1202300015724769
1202300015725360
1202300015749367
1202300015963863
1202300015963966
1202300015964061
1202300015964167
1202300015964269
1202300015964368
1202300015964460
1202300015964565
1202300015964664
1202300015964762
1202300015964866
1202300015964963
1202300015965064
1202300015965165
1202300015965267
1202300015965366
1202300015965463
1202300015965568
1202300015965662
1202300015965760
1202300015965869
1202300015965961
1202300015966062
1202300015966168
1202300015966265
1202300015966369
1202300015966461
1202300015966566
1202300015966660
1202300015966763
1202300015966867
1202300015966964
1202300015967066
1202300015967160
1202300015967263
1202300015967364
1202300015967467
1202300015967562
1202300015967668
1202300015967765
1202300015967861
1202300015967969
1202300015968069
1202300015968163
1202300015968261
1202300015968362
1202300015968465
1202300015968560
1202300015968666
1202300015968768
1202300015968864
1202300015968967
1202300015969067
1202300015969161
1202300015969264
1202300015969360
1202300015969468
1202300015969563
1202300015969669
1202300015969766
1202300015969862
1202300015969965
1202300015970067
1202300015970161
1202300015970264
1202300015970360
1202300015970468
1202300015970563
1202300015970669
1202300015970766
1202300015970862
1202300015970965
1202300015971065
1202300015971164
1202300015971262
1202300015971363
1202300015971466
1202300015971561
1202300015971667
1202300015971769
1202300015971860
1202300015971968
1202300015972060
1202300015972166
1202300015972268
1202300015972367
1202300015972464
1202300015972569
1202300015972663
1202300015972761
1202300015972865
1202300015972962
1202300015973062
1202300015973168
1202300015973265
1202300015973369
1202300015973461
1202300015973566
1202300015973660
1202300015973763
1202300015973867
1202300015973964
1202300015974069
1202300015974163
1202300015974261
1202300015974362
1202300015974465
1202300015974560
1202300015974666
1202300015974768
1202300015974864
1202300015974967
1202300015975066
1202300015975160
1202300015975263
1202300015975364
1202300015975467
1202300015975562
1202300015975668
1202300015975765
1202300015975861
1202300015975969
1202300015976068
1202300015976162
1202300015976260
1202300015976361
1202300015976469
1202300015976564
1202300015976665
1202300015976767
1202300015976863
1202300015976966
1202300015977064
1202300015977165
1202300015977267
1202300015977366
1202300015977463
1202300015977568
1202300015977662
1202300015977760
1202300015977869
1202300015977961
1202300015978061
1202300015978167
1202300015978269
1202300015978368
1202300015978460
1202300015978565
1202300015978664
1202300015978762
1202300016605864
1202300018413364
1202300018413861
1202300018414662
1202300018415168
1202300018415369
1202300018415867
1202300018416569
1202300018417069
1202300018417768
1202300018418264
1202300018418468
1202300018418965
1202300018419667
1202300018420162
1202300018420361
1202300018420863
1202300018421562
1202300018422061
1202300018422762
1202300018423462
1202300018423960
1202300018424769
1202300018425264
1202300018425468
1202300018425965
1202300018426666
1202300018427166
1202300018427367
1202300018427865
1202300018428566
1202300018429064
1202300018429760
1202300018430266
1202300018430462
1202300018430960
1202300018431663
1202300018432164
1202300018432363
1202300018432860
1202300018433564
1202300018434061
1202300018434368
1202300018434866
1202300018435568
1202300018436062
1202300018436763
1202300018437263
1202300018437467
1202300018437969
1202300018438666
1202300018439161
1202300018439360
1202300018439862
1202300018440560
1202300018441067
1202300018441766
1202300018442265
1202300018442461
1202300018442964
1202400022801032
1202400022802736
1202400022802832
1202400022802935
1202400022803035
1202400022803134
1202400022803232
1202400022803333
1202400022803436
1202400022803531
1202400022803637
1202400022803739
1202400022803830
1202400022803938
1202400022804033
1202400022804139
1202400022804236
1202400022804335
1202400022804432
1202400022804537
1202400022804631
1202400022804734
1202400022804838
1202400022804930
1202400022805031
1202400022805137
1202400022805239
1202400022805338
1202400022805430
1202400022805535
1202400022805634
1202400022805732
1202400022805836
1202400022805933
1202400022806034
1202400022806135
1202400022806237
1202400022806336
1202400022806433
1202400022806538
1202400022806632
1202400022806730
1202400022806839
1202400022806931
1202400022807038
1202400022807132
1202400022807230
1202400022807331
1202400022807439
1202400022807534
1202400022807635
1202400022807737
1202400022807833
1202400022807936
1202400022808036
1202400022808130
1202400022808233
1202400022808334
1202400022808437
1202400022808532
1202400022808638
1202400022808735
1202400022808831
1202400022808939
1202400022809039
1202400022809133
1202400022809231
1202400022809332
1202400022809435
1202400022809530
1202400022809636
1202400022809738
1202400022809834
1202400022977838
1202400024064833
1202400024064936
1202400024065035
1202400024065134
1202400024065232
1202400024065333
1202400024065436
1202400024065531
1202400024065637
1202400024065739
1202400024065830
1202400024065938
1202400024066037
1202400024066131
1202400024066234
1202400024066330
1202400024066438
1202400024066533
1202400024066639
1202400024066736
1202400024066832
1202400024066935
1202400024067033
1202400024067139
1202400024067236
1202400024067335
1202400024067432
1202400024067537
1202400024067631
1202400024067734
1202400024067838
1202400024067930
1202400024068030
1202400024068136
1202400024068238
1202400024068337
1202400024068434
1202400024068539
1202400024068633
1202400024068731
1202400024068835
1202400024068932
1202400024069032
1202400024069138
1202400024069235
1202400024069339
1202400024069431
1202400024069536
1202400024069630
1202400024069733
1202400024069837
1202400024069934
1202400024070032
1202400024070138
1202400024070235
1202400024070339
1202400024070431
1202400024070536
1202400024070630
1202400024070733
1202400024070837
1202400024070934
1202400024071034
1202400024071135
1202400024071237
1202400024071336
1202400024071433
1202400024071538
1202400024071632
1202400024071730
1202400024071839
1202400024071931
1202400024072039
1202400024072133
1202400024072231
1202400024072332
1202400024072435
1202400024072530
1202400024072636
1202400024072738
1202400024072834
1202400024072937
1202400024073037
1202400024078230
1202400024919539
1202400025664132
1202400025664230
1202400025664331
1202400025664439
1202400025664534
1202400025664635
1202400025664737
1202400025664833
1202400025664936
1202400025665035
1202400025665134
1202400025665232
1202400025665333
1202400025665436
1202400025665531
1202400025665637
1202400025665739
1202400025665830
1202400025665938
1202400025666037
1202400025666131
1202400025666234
1202400025666330
1202400025666438
1202400025666533
1202400025666639
1202400025666736
1202400025666832
1202400025666935
1202400025667033
1202400025667139
1202400025667236
1202400025667335
1202400025667432
1202400025667537
1202400025667631
1202400025667734
1202400025667838
1202400025667930
1202400025668030
1202400025668136
1202400025668238
1202400025668337
1202400025668434
1202400025668539
1202400025668633
1202400025668731
1202400025668835
1202400025668932
1202400025669032
1202400025669138
1202400025669235
1202400025669339
1202400025669431
1202400025669536
1202400025669630
1202400025669733
1202400025669837
1202400025669934
1202400025670032
1202400025670138
1202400025670235
1202400025670339
1202400025670431
1202400025670536
1202400025670630
1202400025670733
1202400025670837
1202400025670934
1202400025671034
1202400025671135
1202400025671237
1202400025671336
1202400025671433
1202400025671538
1202400025671632
1202400025671730
1202400025671839
1202400025671931
1202400025672039
1202400025672133
1202400025672231
1202400025672332
1202400025672435
1202400025672530
1202400025672636
1202400025672738
1202400025672834
1202400025672937
1202400025673037
1202400025673131
1202400025673234
1202400025673330
1202400025673438
1202400025673533
1202400025673639
1202400025673736
1202400025673832
1202400025673935
1202400025674030
1202400025881039
1202400025881133
1202400025881231
1202400025881332
1202400025881435
1202400025881530
1202400025881636
1202400025881738
1202400025881834
1202400025881937
1202400025882034
1202400025882135
1202400025882237
1202400025882336
1202400025882433
1202400025882538
1202400025882632
1202400025882730
1202400025882839
1202400025882931
1202400025883031
1202400025883137
1202400025883239
1202400025883338
1202400025883430
1202400025883535
1202400025883634
1202400025883732
1202400025883836
1202400025883933
1202400025884038
1202400025884132
1202400025884230
1202400025884331
1202400025884439
1202400025884534
1202400025884635
1202400025884737
1202400025884833
1202400025884936
1202400025885035
1202400025885134
1202400025885232
1202400025885333
1202400025885436
1202400025885531
1202400025885637
1202400025885739
1202400025885830
1202400025885938
1202400025886037
1202400025886131
1202400025886234
1202400025886330
1202400025886438
1202400025886533
1202400025886639
1202400025886736
1202400025886832
1202400025886935
1202400025887033
1202400025887139
1202400025887236
1202400025887335
1202400025887432
1202400025887537
1202400025887631
1202400025887734
1202400025887838
1202400025887930
1202400025888030
1202400025888136
1202400025888238
1202400025888337
1202400025888434
1202400025888539
1202400025888633
1202400025888731
1202400025888835
1202400025888932
1202400025889032
1202400025889138
1202400025889235
1202400025889339
1202400025889431
1202400025889536
1202400025889630
1202400025889733
1202400025889837
1202400025889934
1202400025890033
1202400025890139
1202400025890236
1202400025890335
1202400025890432
1202400025890537
1202400025890631
1202400025890734
1202400025890838
1202400025890930
1202400025891136
1202400025891238
1202400025891337
1202400025891434
1202400025891539
1202400025891633
1202400025891731
1202400025891835
1202400025891932
1202400025892035
1202400025892134
1202400025892232
1202400025892333
1202400025892436
1202400025892531
1202400025892637
1202400025892739
1202400025892830
1202400025892938
1202400025893038
1202400025893132
1202400025893230
1202400025893331
1202400025893439
1202400025893534
1202400025893635
1202400025893737
1202400025893833
1202400025893936
1202400025894031
1202400025894137
1202400025894239
1202400025894338
1202400025894430
1202400025894535
1202400025894634
1202400025894732
1202400025894836
1202400025894933
1202400026090736
1202400026397637
1202400026693237
1202400027392137
1202400027506438
1202400027507139
1202400027507631
1202400027507838
1202400027508337
1202400027508731
1202400027773533
1202400028598438
1202400028630534
1202400028630635
1202400028721431
1202400029574732
1202400030305635
1202400030305737
1202400030978734
1202400030978838
1202400031852135
1202400032842133
1202400033635534
1202400033820434
1202400033907833
1202400034170839
1202400034200736
1202400034802138
1202400034802235
1202400034802339
1202400036775931
1202400036776032
1202400036865234
1202400037118637
1202400038172536
1202400038269631
1202400038269734
1202400038269838
1202400038269930
1202400038270033
1202400038270139
1202400038270236
1202400038270335
1202400038270432
1202400038270537
1202400038270631
1202400038270734
1202400038270838
1202400038270930
1202400038271030
1202400038271136
1202400038271238
1202400038271337
1202400038271434
1202400038271539
1202400038271633
1202400038271731
1202400038271835
1202400038271932
1202400038272035
1202400038272134
1202400038272232
1202400038272333
1202400038272436
1202400038272531
1202400038272637
1202400038272739
1202400038272830
1202400038272938
1202400038273038
1202400038273132
1202400038273230
1202400038273331
1202400038273439
1202400038273534
1202400038273635
1202400038273737
1202400038273833
1202400038273936
1202400038274031
1202400038274137
1202400038274239
1202400038274338
1202400038274430
1202400038274535
1202400038274634
1202400038274732
1202400038274836
1202400038274933
1202400038275034
1202400038275135
1202400038275237
1202400038275336
1202400038275433
1202400038275538
1202400038275632
1202400038275730
1202400038275839
1202400038275931
1202400038276032
1202400038276138
1202400038276235
1202400038276339
1202400038276431
1202400038276536
1202400038276630
1202400038276733
1202400038276837
1202400038276934
1202400038277036
1202400038277130
1202400038277233
1202400038277334
1202400038277437
1202400038277532
1202400038709935
1202400038861331
1202400038861439
1202400038861534
1202400038861635
1202400038861737
1202400038861833
1202400038861936
1202400038862033
1202400038862139
1202400038862236
1202400038862335
1202400038862432
1202400038862537
1202400038862631
1202400038862734
1202400038862838
1202400038862930
1202400038863030
1202400038863136
1202400038863238
1202400038863337
1202400038863434
1202400038863539
1202400038863633
1202400038863731
1202400038863835
1202400038863932
1202400038864037
1202400038864131
1202400038864234
1202400038864330
1202400038864438
1202400038864533
1202400038864639
1202400038864736
1202400038864832
1202400038864935
1202400038865039
1202400038865133
1202400038865231
1202400038865332
1202400038865435
1202400038865530
1202400038865636
1202400038865738
1202400038865834
1202400038865937
1202400038866036
1202400038866130
1202400038866233
1202400038866334
1202400038866437
1202400038866532
1202400038866638
1202400038866735
1202400038866831
1202400038866939
1202400038867032
1202400038867138
1202400038867235
1202400038867339
1202400038867431
1202400038867536
1202400038867630
1202400038867733
1202400041952535
1202400042249537
1202400042576035
1202400043342635
1202400043808436
1202500000204082
1202500000204188
1202500000204285
1202500000204389
1202500000204481
1202500000204586
1202500000204680
1202500000204783
1202500000204887
1202500000204984
1202500000205080
1202500000205186
1202500000205288
1202500000205387
1202500000205484
1202500000205589
1202500000205683
1202500000205781
1202500000205885
1202500000205982
1202500000206083
1202500000206189
1202500000206286
1202500000206385
1202500000206482
1202500000206587
1202500000206681
1202500000206784
1202500000206888
1202500000206980
1202500000207087
1202500000207181
1202500000207284
1202500000207380
1202500000207488
1202500000207583
1202500000207689
1202500000207786
1202500000207882
1202500000207985
1202500000208085
1202500000208184
1202500000208282
1202500000208383
1202500000208486
1202500000208581
1202500000208687
1202500000208789
1202500000208880
1202500000208988
1202500000209088
1202500000209182
1202500000209280
1202500000209381
1202500000209489
1202500000209584
1202500000209685
1202500000209787
1202500000209883
1202500000209986
1202500000210080
1202500000210186
1202500000210288
1202500000210387
1202500000210484
1202500000210589
1202500000210683
1202500000210781
1202500000210885
1202500000210982
1202500000211082
1202500000211188
1202500000211285
1202500000211389
1202500000211481
1202500000211586
1202500000211680
1202500000211783
1202500000211887
1202500000211984
1202500000212087
1202500000212181
1202500000212284
1202500000212380
1202500000212488
1202500000212583
1202500000212689
1202500000212786
1202500000212882
1202500000212985
1202500000213085
1202500000213184
1202500000213282
1202500000213383
1202500000213486
1202500000213581
1202500000213687
1202500000213789
1202500000213880
1202500000213988
1202500000214083
1202500000214189
1202500000214286
1202500000214385
1202500000214482
1202500000214587
1202500000214681
1202500000214784
1202500001688481
1202500001900685
1202500001900787
1202500002261588
1202500002277888
1202500002826187
1202500003010986
1202500003011086
1202500003011180
1202500003011283
1202500003011384
1202500003011487
1202500003469683
1202500004168187
1202500004301185
1202500004405781
1202500004405885
1202500004405982
1202500004406083
1202500004406189
1202500004406286
1202500004581280
1202500004658787
1202500004658986
1202500004796283
1202500004839187
1202500004977282
1202500005086186
1202500005450689
1202500005583286
1202500005665589
1202500005696583
1202500005762088
1202500005958481
1202500006081281
1202500006824180
1202500006892380
1202500006893085
1202500006893383
1202500007249583
1202500007421283
1202500008789484
1202500008903585
1202500010703684
1202500011088088
1202500011171483
1202500011338880
1202500012684583
1202500012734188
1202500013053482
1202500013351888
1202500013352088
1202500013528381
1202500015178885
1202500016009780
1202500016009981
1202500016010985
1202500016011880
1202500016020982
1202500016022181
1202500016022583
1202500016022689
1202500016022985
1202500016025081
1202500016025480
1202500016027182
1202500016027381
1202500016027489
1202500016027685
1202500016030581
1202500016033982
1202500016623284
1202500016879288
1202500016881187
1202500016883089
1202500016883281
1202500016883686
1202500016884188
1202500016885387
1202500016885781
1202500016886888
1202500016887786
1202500016888282
1202500016888486
1202500016889381
1202500016889489
1202500016889986
1202500016890284
1202500016890786
1202500016891184
1202500016892484
1202500016893082
1202500016893188
1202500016893783
1202500016893887
1202500016894788
1202500016895283
1202500016896280
1202500016896381
1202500016896685
1202500016897483
1202500016898081
1202500016898886
1202500016899083
1202500016899385
1202500016900385
1202500016900587
1202500016902880
1202500016902988
1202500016903584
1202500016904388
1202500016905287
1202500016905780
1202500016907487
1202500016908382
1202500016908485
1202500016909087
1202500019292982
1202500021109181
1202500021110386
1202500021110483
1202500021534187
1202500021534289
1202500021534388
1202500021534480
1202500021534585
1202500021534684
1202500021534782
1202500021534886
1202500021534983
1202500021535084
1202500021535185
1202500021535287
1202500021535386
1202500021535483
1202500021535588
1202500021535682
1202500021535780
1202500021535889
1202500021535981
1202500021536082
1202500021536188
1202500021536285
1202500021536389
1202500021536481
1202500021536586
1202500021536680
1202500021536783
1202500021536887
1202500021536984
1202500021537086
1202500021537180
1202500021537283
1202500021537384
1202500021537487
1202500021537582
1202500021537688
1202500021537785
1202500021537881
1202500021537989
1202500021538089
1202500021538183
1202500021538281
1202500021538382
1202500021882383
1202500021951880
1202500022063084
1202500022215386
1202500022216783
1202500022217688
1202500022218382
1202500022220085
1202500022222980
1202500022758286
1202500023147788
1202500023147884
1202500023147987
1202500023148087
1202500023148181
1202500023148284
1202500023148380
1202500023148488
1202500023148583
1202500023148689
1202500023148786
1202500023148882
1202500023148985
1202500023149085
1202500023149184
1202500023149282
1202500023149383
1202500023149486
1202500023149581
1202500023149687
1202500023149789
1202500023149880
1202500023149988
1202500023150080
1202500023150186
1202500023150288
1202500023150387
1202500023150484
1202500023150589
1202500023150683
1202500023150781
1202500023150885
1202500023150982
1202500023151082
1202500023151188
1202500023151285
1202500023151389
1202500023151481
1202500023151586
1202500023151680
1202500023151783
1202500023151887
1202500023151984
1202500023152087
1202500023152181
1202500023152284
1202500023152380
1202500023152488
1202500023152583
1202500023152689
1202500023152786
1202500023152882
1202500023152985
1202500023153085
1202500023153184
1202500023153282
1202500023153383
1202500023153486
1202500023153581
1202500023153687
1202500023153789
1202500023153880
1202500023153988
1202500023154083
1202500023154189
1202500023154286
1202500023154385
1202500023154482
1202500023154587
1202500023154681
1202500023154784
1202500023154888
1202500023154980
1202500023155081
1202500023155187
1202500023155289
1202500023155388
1202500023155480
1202500023155585
1202500023155684
1202500023155782
1202500023155886
1202500023155983
1202500023156084
1202500023156185
1202500023156287
1202500023156386
1202500023156483
1202500023156588
1202500023156682
1202500023251787
1202600024430823
1202600024500822
1202600024680928
1202600025012426
1202600025039728
1202600025048922
1202600025050320
1202600025291421
1202600025438921
1202600025542224
1202600025542320
1202600025542428
1202600025542523
1202600025542629
1202600025542726
1202600025542822
1202600025542925
1202600025543025
1202600025543124
1202600025543222
1202600025543323
1202600025543426
1202600025543521
1202600025543627
1202600025543729
1202600025543820
1202600025543928
1202600025544023
1202600025544129
1202600025544226
1202600025544325
1202600025544422
1202600025544527
1202600025544621
1202600025544724
1202600025544828
1202600025544920
1202600025545021
1202600025545127
1202600025545229
1202600025545328
1202600025545420
1202600025545525
1202600025545624
1202600025545722
1202600025545826
1202600025545923
1202600025546024
1202600025546125
1202600025546227
1202600025546326
1202600025546423
1202600025546528
1202600025546622
1202600025546720
1202600025546829
1202600025546921
1202600025547028
1202600025547122
1202600025547220
1202600025547321
1202600025547429
1202600025547524
1202600025547625
1202600025547727
1202600025547823
1202600025547926
1202600025548026
1202600025548120
1202600025548223
1202600025548324
1202600025548427
1202600025548522
1202600025548628
1202600025548725
1202600025548821
1202600025548929
1202600025549029
1202600025549123
1202600025549221
1202600025549322
1202600025549425
1202600025549520
1202600025549626
1202600025549728
1202600025549824
1202600025549927
1202600025550024
1202600025550125
1202600025550227
1202600025550326
1202600025550423
1202600025550528
1202600025550622
1202600025550720
1202600025550829
1202600025550921
1202600025551021
1202600025551127
1202600025551229
1202600025551328
1202600025551420
1202600025551525
1202600025551624
1202600025551722
1202600025551826
1202600025551923
1202600025552026
1202600025552120
1202600025552223
1202600025552324
1202600025552522
1202600025552628
1202600025552725
1202600025552821
1202600025552929
1202600025553029
1202600025553123
1202600025553221
1202600025553322
1202600025553425
1202600025553520
1202600025553626
1202600025553728
1202600025553824
1202600025553927
1202600025554022
1202600025554128
1202600025554225
1202600025554329
1202600025554421
1202600025554526
1202600025554620
1202600025554723
1202600025554827
1202600025554924
1202600025555020
1202600025555126
1202600025555228
1202600025555327
1202600025555424
1202600025555529
1202600025555623
1202600025555721
1202600025555825
1202600025555922
1202600025556023
1202600025556129
1202600025556226
1202600025556325
1202600025678220
1202600025678321
1202600025678429
1202600025683128
1202600026259725
1202600026542229
1202600026664623
1202600026664721
1202600027390823
1202600027466226
1202600027659621
1202600027659724
1202600027668329
1202600027668421
1202600027668526
1202600027668620
1202600027668723
1202600027668827
1202600027668924
1202600027669024
1202600027669125
1202600027669227
1202600027669326
1202600027669423
1202600027669528
1202600027669622
1202600027669720
1202600027669829
1202600027669921
1202600027670024
1202600027670125
1202600027670227
1202600027670326
1202600027670423
1202600027670528
1202600027670622
1202600027670720
1202600027670829
1202600027670921
1202600027671021
1202600027671127
1202600027671229
1202600027671328
1202600027671420
1202600027671525
1202600027671624
1202600027671722
1202600027671826
1202600027671923
1202600027672026
1202600027672120
1202600027672223
1202600027672324
1202600027672427
1202600027672522
1202600027672628
1202600027672725
1202600027672821
1202600027672929
1202600027673029
1202600027673123
1202600027673221
1202600027673322
1202600027673425
1202600027673520
1202600027673626
1202600027673728
1202600027673824
1202600027673927
1202600027674022
1202600027674128
1202600027674225
1202600027674329
1202600027674421
1202600027674526
1202600027674620
1202600027674723
1202600027674827
1202600027674924
1202600027675020
1202600027675126
1202600027675228
1202600027675327
1202600027675424
1202600027675529
1202600027675623
1202600027675721
1202600027675825
1202600027675922
1202600027676023
1202600027676129
1202600027676226
1202600027676325
1202600027676422
1202600027676527
1202600027676621
1202600027676724
1202600027793322
1202600027859128
1202600028075026
1202600028156026
1202600029258521
1202600029258627
1202600029258729
1202600029258820
1202600029258928
1202600029259028
1202600029259122
1202600029259220
1202600029259321
1202600029259429
1202600029259524
1202600029259625
1202600029259727
1202600029259823
1202600029259926
1202600029260023
1202600029260129
1202600029260226
1202600029260325
1202600029260422
1202600029260527
1202600029260621
1202600029260724
1202600029260828
1202600029260920
1202600029261020
1202600029261126
1202600029261228
1202600029261327
1202600029261424
1202600029261529
1202600029261623
1202600029261721
1202600029261825
1202600029261922
1202600029262025
1202600029262124
1202600029262222
1202600029262323
1202600029262426
1202600029262521
1202600029262627
1202600029262729
1202600029262820
1202600029262928
1202600029263028
1202600029263122
1202600029263220
1202600029263321
1202600029263429
1202600029263524
1202600029263625
1202600029263727
1202600029263823
1202600029263926
1202600029264021
1202600029264127
1202600029264229
1202600029264328
1202600029264420
1202600029264525
1202600029264624
1202600029264722
1202600029264826
1202600029264923
1202600029265024
1202600029265125
1202600029265227
1202600029265326
1202600029265423
1202600029265528
1202600029265622
1202600029265720
1202600029265829
1202600029265921
1202600029266022
1202600029266128
1202600029266225
1202600029266329
1202600029266421
1202600029266526
1202600029266620
1202600029266723
1202600029266827
1202600029266924
1202600029267026
1202600029267120
1202600029267223
1202600029267324
1202600029267427
1202600029267522
1202600029267628
1202600029267725
1202600029267821
1202600029267929
1202600029268029
1202600029268123
1202600029268221
1202600029268322
1202600029268425
1202600029268520
1202600029268626
1202600029268728
1202600029268824
1202600029268927
1202600029269027
1202600029269121
1202600029269224
1202600029269320
1202600029269428
1202600029269523
1202600029269629
1202600029269726
1202600029269822
1202600029269925
1202600029270027
1202600029270121
1202600029270224
1202600029270320
1202600029270428
1202600029270523
1202600029270629
1202600029270726
1202600029270822
1202600029270925
1202600029271025
1202600029271124
1202600029271222
1202600029271323
1202600029271426
1202600029578520
1202600029685720
